AppID,Name,Release date,Price,Publishers,Positive,Negative,Metacritic score,Achievements
20200,Galactic Bowling,"Oct 21, 2008",19.99,Perpetual FX Creative,0,6,False,0
655370,Train Bandit,"Oct 12, 2017",0.99,Rusty Moyher,0,53,False,0
1732930,Jolt Project,"Nov 17, 2021",4.99,Campião Games,0,0,False,0
1355720,Henosis™,"Jul 23, 2020",5.99,Odd Critter Games,0,3,True,0
1139950,Two Weeks in Painland,"Feb 3, 2020",0.0,Unusual Games,0,50,False,0
1469160,Wartune Reborn,"Feb 26, 2021",0.0,7Road,0,87,False,0
1659180,TD Worlds,"Jan 9, 2022",10.99,MAKSIM VOLKAU,0,21,False,0
1968760,Legend of Rome - The Wrath of Mars,"May 5, 2022",9.99,magnussoft,0,0,False,0
1178150,MazM: Jekyll and Hyde,"Apr 2, 2020",14.99,Growing Seeds,0,76,False,0
320150,Deadlings: Rotten Edition,"Nov 11, 2014",3.99,ONE MORE LEVEL,0,225,True,0
1026420,WARSAW,"Oct 2, 2019",23.99,Pixelated Milk,0,589,False,0
485000,Cthulhu Realms,"Jul 1, 2016",0.0,"Wise Wizard Games, LLC",0,147,False,0
1620060,Clockwork Dungeon,"Aug 27, 2021",1.99,Beardlings LLC,0,5,False,0
825930,Royal Battleships,"Apr 6, 2018",2.99,Educational Games,0,36,True,0
1454010,Diary of Lucie,"Nov 25, 2020",12.99,Parange Project,0,100,False,0
22670,Alien Breed 3: Descent,"Nov 17, 2010",9.99,Team17 Digital Ltd,0,349,False,0
1330820,Hunting Unlimited 3,"Nov 6, 2020",9.99,SCS Software,0,17,False,0
346560,Hero of the Kingdom II,"Feb 20, 2015",7.99,Lonely Troops,0,2046,True,0
1097880,Super Naughty Maid 2,"Jun 20, 2019",9.59,KENZsoft,0,0,False,0
1362670,KHIO,"Jul 24, 2020",9.99,Necavare,0,3,False,0
290870,Steam Squad,"Jul 28, 2016",17.99,Bretwalda Games,0,61,True,0
575760,Project: R.E.B.O.O.T 2,"Jan 27, 2017",2.99,Volens Nolens Games,0,29,False,0
434030,Aerofly FS 2 Flight Simulator,"Nov 20, 2017",37.49,IPACS,0,1490,True,0
810740,Turtle Lu,"Mar 22, 2018",2.99,Falco Software,0,4,False,0
2073470,Kanjozoku Game レーサー,"Jul 16, 2022",5.99,SGデベロッパー,0,392,False,0
589250,PowersVR,"Oct 10, 2020",9.99,PseudoGames,0,37,False,0
677880,Draw Your Game,"Aug 10, 2017",4.99,Zero One,0,18,False,0
1294780,Pathfinders: Memories,"Feb 16, 2021",2.99,Mens Sana Interactive,0,38,False,0
1342850,Bright Days in Quarantine,"Jul 18, 2020",1.99,Delta Arcade,0,24,False,0
1177420,邻居大叔/UncleNeighbor:uncle Dating Simulator,"Jun 19, 2020",13.99,GameUncle,0,0,False,0
793990,Dupio,"Mar 6, 2018",11.99,NedoStudio,0,23,False,0
1727670,Home Office Tasker,"Sep 8, 2021",0.99,lonch.me,0,11,False,0
955490,Terror In The Atomic Desert,"Mar 22, 2019",2.99,TensionSplice,0,8,False,0
552350,Unhappy Ever After,"Jan 20, 2017",0.99,Warped Tales,0,16,True,0
42500,DogFighter,"Jun 14, 2010",0.99,Dark Water Studios Ltd,0,258,False,0
1195610,March Of Soldiers,"Jul 1, 2020",1.99,"FAYEZ ALRASHEEDI,WADE AIZOUKY,KHALED ALRASHEEDI",0,1,False,0
1095380,Bepuzzled Kittens Jigsaw Puzzle,"Jun 11, 2019",1.99,Team Spikkeee,0,7,True,0
1158910,Dream Detective,"Dec 4, 2019",7.99,Century Game,0,16,False,0
1194940,Tower of Shades,"Jan 15, 2020",1.99,Lame Jam,0,35,False,0
262150,Vanguard Princess,"Mar 3, 2014",2.49,Tomoaki Sugeno,0,2014,True,0
1192900,IRON REBELLION,"Nov 9, 2021",11.99,Black Beach Studio,0,168,False,0
866150,Treasures of the Ancients: Egypt,"Jun 6, 2018",0.99,"Garage Games,Jan Hess",0,55,False,0
231330,Deadfall Adventures,"Nov 15, 2013",19.99,The Farm 51,0,1716,True,0
1056520,Who We Are Now,"May 7, 2019",14.99,Chroma Field Games,0,0,True,0
897820,Reigns: Game of Thrones,"Oct 18, 2018",3.99,Nerial,0,698,True,0
658970,CasinoRPG,"Jan 16, 2018",0.0,GoldFire Studios,0,138,False,0
1777550,Fuyu no Tsuma,"Oct 15, 2021",1.99,玫瑰工作室,0,2,False,0
552520,Far Cry® 5,"Mar 26, 2018",59.99,"Ubisoft Montreal,Red Storm,Ubisoft Shanghai,Ubisoft Toronto,Ubisoft Kiev",0,100620,False,0
718350,Loot Collection: Mahjong,"Oct 5, 2017",0.55,Boogygames Studios,0,2,False,0
433450,INFERNO CLIMBER,"Sep 8, 2016",14.99,Arc System Works,0,60,False,0
1709450,Grim Tales: The Heir Collector's Edition,"Jul 30, 2021",9.99,Elephant Games,0,7,False,0
1431470,Mythos Ever After: A Cthulhu Dating Sim,"Oct 28, 2020",4.99,Stegalosaurus Game Development,0,1,True,0
1794920,Pool Adventure,"Nov 7, 2021",0.99,Uintani,0,0,False,0
1959480,Eternal Edge+ Prologue,"May 5, 2022",0.0,"Righteous Weasel Games,Ignatios Prouctions LLC",0,0,False,0
763550,A Journey Through Valhalla,"Sep 12, 2021",5.99,Team Sämst,0,3,False,0
1445370,COUNTDOWN,"Jan 10, 2021",0.99,Hello Friend LLC,0,6,False,0
464230,Colours of Magic: Aqua Teeter,"Apr 25, 2016",0.99,RunServer,0,69,True,0
1293830,Forza Horizon 4,"Mar 9, 2021",59.99,Playground Games,0,122539,False,0
1509640,Viking Warrior,"Jan 19, 2021",3.99,VikingWarrior,0,2,False,0
1135380,不可思议佣兵团,"Oct 3, 2019",3.99,折凳工作室,0,6,False,0
1944730,Square Keeper,"Jun 9, 2022",4.99,KanakStudio,0,10,False,0
1144900,Pension Day,"Sep 3, 2019",0.99,Julian Henley,0,0,False,0
306350,Slipstream 5000,"Oct 9, 2015",2.99,"Gremlin Interactive,The Software Refinery",0,283,False,0
1684530,100 Doors: Escape from Work,"Mar 1, 2022",9.99,Peaksel,0,7,False,0
1557480,Project MIKHAIL: A Muv-Luv War Story,"Nov 1, 2021",19.99,"aNCHOR Inc.,fuzz, Inc.",0,328,False,0
1128520,Rezist: Tower Defense,"Sep 26, 2019",0.99,SparkGames,0,8,False,0
12140,Max Payne,"Jan 6, 2011",3.49,Remedy Entertainment,0,9516,False,0
1647430,Black Mansion,"Jun 15, 2021",6.99,PICTOLOGI,0,1,False,0
1845050,Mirrorama,"Jan 12, 2022",7.49,Berry Berry Niceu,0,17,True,0
1163340,Carrier Battles 4 Guadalcanal - Pacific War Naval Warfare,"Jun 5, 2020",29.99,"Avalon Digital,Cyril Jarnot",0,180,False,0
1608620,Ballistic Machines,"Jun 11, 2021",1.99,Ballistic Machine,0,0,False,0
541570,Sally Face - Episode One,"Dec 14, 2016",2.99,Portable Moose,0,11739,True,0
1119070,Shibui Coliseum,"Oct 29, 2019",5.99,Soiree Games,0,0,False,0
1292520,Crimson Spires,"Oct 27, 2020",19.99,Woodsy Studio,0,51,False,0
1467330,Endline,"Mar 29, 2021",4.99,Miniced,0,1,True,0
1624600,Realms VR,"Sep 30, 2021",4.24,"Madman Games,RattlerCreed",0,7,False,0
870000,AmazeD 3D,"Jul 14, 2018",0.0,Retrover Games,0,4,False,0
1621490,MagicShop3D,"Jun 19, 2022",9.99,FireArmGames,0,0,False,0
768060,The Warrior Of Treasures,"Jan 3, 2018",0.49,"Tero Lunkka,BlackThug",0,31,False,0
1746130,Onmyoji in the Otherworld: Sayaka's Story,"Sep 21, 2021",19.99,Debonosu Works,0,0,False,0
1281400,Good Knight,"Sep 17, 2021",14.99,Team Good Knight,0,69,True,0
372890,Red Crow Mysteries: Legion,"May 28, 2015",3.99,Cateia Games,0,10,False,0
1023420,四国志でらっくす ～酒池肉うどん戦記～,"Jul 31, 2020",24.99,Flying Panjandrum / ふらいんぐパンジャンドラム,0,0,False,0
1141880,Crazy Critters - Combat Cats,"May 22, 2020",3.99,Aligned Games,0,15,False,0
1022840,The Adventures of Jason and the Argonauts,"Feb 8, 2019",4.99,PixQuake,0,20,False,0
652160,DC Wonder: Unlimited,"Jun 14, 2017",4.99,Nucleax,0,1,False,0
968580,Halloween Puzzles,"Nov 6, 2018",0.49,Boogygames Studios,0,1,False,0
1131550,I Walk Among Zombies Vol. 3,"Dec 15, 2020",14.99,Seacoxx,0,168,False,0
1729790,Escape From School,"Sep 7, 2021",0.0,Tudor Sandru,0,102,False,0
368080,Aurion: Legacy of the Kori-Odan,"Apr 14, 2016",14.99,Kiro'o Games,0,207,False,0
572510,Superola Champion Edition,"Jul 14, 2022",4.99,Undercoders,0,12,False,0
1225870,Hentai Girlfriend Simulator,"Jan 31, 2020",1.19,Slippy Floor,0,0,False,0
1232510,Teleporter: World of Gamers (Alpha),May 2020,0.0,Teleporter Realities Inc.,0,44,False,0
1066890,Automobilista 2,"Jun 30, 2020",23.99,Reiza Studios,0,4278,False,0
817370,Marching Simulator,"Jul 29, 2018",0.0,Marching Simulator,0,35,False,0
1662060,Moon Farming - Prologue,"Jan 6, 2022",0.0,SimulaM,0,0,False,0
457140,Oxygen Not Included,"Jul 30, 2019",24.99,Klei Entertainment,0,82902,True,0
1774810,Laruaville 10 Match 3 Puzzle,"Oct 17, 2021",6.99,LGT SIA,0,1,False,0
1886290,Slot Shots Pinball Collection,"Jun 21, 2022",9.99,Pinblend Studios,0,12,False,0
1514360,Laid-Back Camp - Virtual - Lake Motosu,"Mar 3, 2021",13.99,"Gemdrops, Inc.",0,245,False,0
1374280,Kor,"Dec 23, 2021",9.99,Goadstool,0,50,False,0
863490,Bighead Runner,"Jun 7, 2018",0.99,NukGames,0,82,False,0
396640,TowerClimb,"Sep 22, 2015",14.99,Davioware and Quazi,0,288,False,0
726020,Mission Ammunition,"Oct 27, 2017",0.49,Quantized Bit,0,61,True,0
424060,The Glow,"Dec 10, 2015",3.99,Brainwashing games,0,8,False,0
1943590,溪风谷之战 Playtest,"Mar 24, 2022",0.0,Unknown,0,0,False,0
1995240,Deer Journey,"Jul 21, 2022",5.39,Pablo Picazo,0,0,False,0
514870,Fat City,"Oct 22, 2018",9.99,Heavy Iron Studios,0,3,False,0
548290,Dark Eden,"Nov 28, 2016",0.0,SOFTON ENTERTAINMENT,0,124,False,0
695420,Hex: Origins,"Sep 23, 2017",1.99,Pretty Bat Games,0,8,True,0
1241110,ANARCHY,"May 7, 2020",0.0,NewProjekt,0,12,False,0
587490,Dark Throne,"Mar 3, 2017",0.99,Marcin Mikołajczyk,0,17,False,0
546050,Puyo Puyo™Tetris®,"Feb 27, 2018",19.99,"Sonic Team,Bitbaboon",0,4181,False,0
301700,Numba Deluxe,"May 23, 2014",2.99,Cobra Mobile,0,164,False,0
2004200,Pickup One,"Jun 3, 2022",19.99,seagull home,0,0,False,0
1588070,DuckMan,"Apr 17, 2021",3.99,Reforged Group,0,2,False,0
730310,DYNASTY WARRIORS 9,"Feb 13, 2018",44.99,"KOEI TECMO GAMES CO., LTD.",0,3075,False,0
242530,The Chaos Engine,"Aug 29, 2013",9.99,"Abstraction Games,The Bitmap Brothers",0,245,True,0
1372570,Domino House,"Oct 28, 2020",7.99,Purple Cable,0,21,True,0
1345820,Ragnarock,"Jul 15, 2021",16.24,WanadevStudio,0,2108,False,0
420270,Into the Void,"Dec 4, 2015",1.99,Mozg Labs,0,80,True,0
435790,10 Second Ninja X,"Jul 19, 2016",0.99,Four Circle Interactive,0,2083,False,0
926310,咕啾！文鸟恋爱物语 Love Story of Sparrow,"Feb 1, 2019",0.99,豆干叠叠木,0,242,False,0
788020,Critical Gravity,"Dec 16, 2019",9.99,MOGA Creative,0,6,False,0
467400,Go For Launch: Mercury,"Jul 4, 2021",9.99,Joe Chisholm,0,53,False,0
856730,ARENA 8,"May 16, 2018",0.49,Artur Rezende,0,1,False,0
1106950,Furries & Scalies: Friendswood,"Jan 31, 2020",9.99,Stegalosaurus Game Development,0,1,True,0
1274570,DEVOUR,"Jan 28, 2021",3.99,Straight Back Games,0,41425,False,0
1470790,Doug Flutie's Maximum Football 2020,"Dec 29, 2020",29.99,Canuck Play Inc,0,26,False,0
1087620,Life In Yima / 依玛村生活,"Apr 5, 2021",5.99,Yima VLG.,0,14,False,0
1348430,Chicken Bomb,"Jul 29, 2020",0.99,GoesSoft,0,68,True,0
1547580,Welcome To... Chichester 2 - Part II : No Extra Regrets For The Future,"Sep 30, 2021",9.99,Triority Interactive Novels,0,6,True,0
1253680,Super Soccer Blast,"Jun 19, 2020",7.99,Unfinished Pixel,0,79,False,0
1881210,The Masters: Survival,"Mar 29, 2022",9.99,Royal Flush Studioz,0,0,False,0
497670,Line/Dash,"Jul 11, 2016",1.99,Gamera Interactive,0,25,True,0
850040,PuzzGun,"May 9, 2018",2.99,"Aleksi Rajamäki,Matias Rajamäki",0,15,False,0
7940,Call of Duty® 4: Modern Warfare®,"Nov 12, 2007",9.99,Infinity Ward,0,16788,False,0
741770,Santa's vacation,"Nov 22, 2017",1.99,ElZzap Software,0,9,False,0
110630,Mutant Storm: Reloaded,"Mar 21, 2012",4.99,PomPom Games,0,33,False,0
572330,The Fan,"May 10, 2017",5.99,Ezhaac Studio,0,72,False,0
1683240,Misha Adventures,"Jul 25, 2021",10.99,RecordRecordsGame,0,10,False,0
567150,Mosaics Galore,"Jul 27, 2018",0.49,Creobit,0,68,False,0
700880,Kingdom: The Far Reaches,"Sep 8, 2017",9.99,Interplay,0,2,True,0
1413090,Yoli TD,"Sep 28, 2021",4.99,My Oldschool Console,0,26,False,0
1610860,Merek's Market,"Sep 15, 2021",19.99,Big Village Games Ltd,0,16,False,0
1302840,Kooring VR Coding Adventure,Aug 2020,8.49,VRANI inc.,0,8,False,0
1305570,BRAVE PINBALL,"Nov 26, 2020",9.99,"POWER UNIT,APOLLOSOFT",0,11,False,0
1609730,Aliens vs. Ghosts,"Jul 6, 2022",4.99,Sayan,0,69,False,0
717980,伏雨录：少年篇,"May 11, 2018",6.99,祥,0,72,False,0
1417450,Grilled,"Nov 12, 2020",2.99,Andorf Games,0,1,False,0
778900,Magical Star Pillars,"Apr 27, 2018",0.0,Toolkitz Games,0,1,False,0
1004200,Biathlon Battle VR,"Feb 13, 2020",9.99,Academtech LLC,0,15,False,0
1506230,Bigfoot Forest,"Jan 8, 2021",0.99,Bisquit Play,0,73,False,0
638230,Journey,"Jun 11, 2020",14.99,thatgamecompany,0,20432,False,0
1839080,The Pointless Car Chase: Refueled,"Feb 22, 2022",0.74,"R.E.M. Studios,NullReferenceException",0,26,False,0
907460,Girlfriend Cards,"Sep 20, 2018",0.99,meokigame,0,11,False,0
1307070,Vetrix,"May 20, 2020",2.99,Pixel Racers,0,41,False,0
1221640,Ultra Foodmess,"Feb 20, 2020",3.99,Riftpoint Entertainment,0,65,False,0
703120,Keeplanet,"Apr 6, 2018",0.99,BigGame Studio,0,14,False,0
328710,One Last Day,"Apr 28, 2015",12.99,Bloodwolf Studio,0,65,False,0
926140,CHANGE: A Homeless Survival Experience,"May 1, 2020",14.99,Delve Interactive,0,1640,True,0
1700630,天下镖局,"May 24, 2022",17.99,有杕之杜,0,79,False,0
845290,Destructions,"Jul 3, 2018",1.99,LUXO Interactive,0,24,False,0
739720,Penkura,"Dec 19, 2018",9.99,Lionsart,0,37,False,0
1776800,KarmaCrown,"Nov 2, 2021",2.99,Furyface,0,2,False,0
873970,Virtual Families 2: Our Dream House,"Jun 25, 2018",7.99,Last Day Of Work,0,14,False,0
1238130,禁忌,"Feb 16, 2020",0.99,Unknown,0,0,False,0
1593100,Earth Marines,"Jul 13, 2021",10.99,"HugePixel, Diedemor studio",0,13,False,0
1365900,Mystika 4 : Dark Omens,"Aug 8, 2020",9.99,Unikgame,0,10,False,0
962950,执行人 Executor,"Nov 6, 2018",1.99,GuGong,0,14,False,0
778120,Hyperbolic Ignition,"Feb 12, 2018",0.99,Kevin Nguyen,0,3,False,0
1187910,Third Rule of Universe.,"Nov 15, 2019",3.99,Mifos Games,0,2,False,0
763350,Slime Sports,"Feb 21, 2018",2.99,Dribble Games,0,8,False,0
1537410,Twilight Drive,"Jun 16, 2021",7.99,Eponymouse,0,5,False,0
761910,Worbital,"Jan 31, 2019",12.99,Team Jolly Roger,0,332,False,0
975470,Silver Chains,"Aug 6, 2019",24.99,Cracked Heads Games,0,420,False,0
990900,Neon Noodles - Cyberpunk Kitchen Automation,"Nov 29, 2019",14.99,Vivid Helix,0,33,True,0
372770,Floors of Discomfort,"May 26, 2015",1.99,Three Prong Productions,0,5,True,0
462580,New Yankee in Santa's Service,"May 12, 2016",0.74,Rionix,0,12,False,0
926870,Twin Synth,"Oct 15, 2018",9.99,Joe Chatfield,0,1,False,0
1966960,Burial Stone Playtest,"Apr 13, 2022",0.0,Unknown,0,0,False,0
848720,Z.W!,"May 15, 2018",0.99,S. Khasanov,0,3,False,0
1343040,Blocky Ball,"Mar 26, 2021",0.0,Lange Studios LLC,0,58,True,0
519140,Minds Eyes,"Aug 31, 2016",0.0,Stanislaw Truchowski,0,1078,False,0
1987030,Heroes of Time,"May 19, 2022",3.99,Metthink,0,0,False,0
821260,LIGHT,"Apr 5, 2018",0.99,Indie Light,0,5,False,0
1565720,To Save Humanity From Virus,"Apr 9, 2021",3.99,Tomas Daugela,0,5,False,0
748490,The Legend of Heroes: Trails of Cold Steel II,"Feb 14, 2018",39.99,Nihon Falcom,0,2113,False,0
545000,Aoki Ookami to Shiroki Mejika,"Dec 13, 2016",12.99,"KOEI TECMO GAMES CO., LTD.",0,2,False,0
1623720,BrainTeaser,"May 16, 2021",0.99,INFINITE BRIDGE,0,1,False,0
544220,Damage: Sadistic Butchering of Humanity,"Dec 11, 2016",4.2,Suomi-Peli,0,5,False,0
338190,Just Get Through,"Jan 30, 2015",4.99,Retrific,0,185,False,0
1375270,Shape,"Sep 18, 2020",3.99,Igor Neiman,0,8,False,0
551680,Bad birthday,"Nov 11, 2016",0.0,Strong Cube,0,14,False,0
1874510,Knightlife,"Jul 14, 2022",11.99,Leturs Labs,0,0,False,0
1693780,Orbital Combat,"May 14, 2022",4.99,Dodo Digital,0,7,False,0
1466930,Survival Quiz CITY,"Mar 4, 2022",19.99,Bandai Namco Studios Inc.,0,115,False,0
1748070,Storage Chase,"Sep 28, 2021",0.99,NikiGames,0,0,False,0
1755120,Ghosts of War: Battle Royale WW2 Shooting games,"Oct 26, 2021",0.0,XDEVS LTD,0,0,False,0
964920,Space Tycoon | 星际大亨,"Jan 4, 2019",16.99,Space Driver,0,7,False,0
1085570,Fables of Talumos,"Sep 1, 2019",6.99,Cheesemaster Games,0,8,False,0
1528020,Afterlife VR,"May 13, 2022",12.59,Split Light Studio,0,71,False,0
1796350,R.E.A.C.T,"Mar 21, 2022",5.99,Adaptive Game,0,0,False,0
1444320,Cat Saves Halloween,"Oct 26, 2020",7.99,LetMeowt Games LLC,0,20,False,0
906050,Hentai Case Opening,"Sep 27, 2018",0.99,RewindApp,63,54,False,98
351910,Valhalla Hills,"Dec 2, 2015",0.69,Funatics Software,0,646,True,0
513480,Geo,"Jan 31, 2017",8.99,Windybeard,0,138,False,0
2010700,Hunter Survivors,"Jul 21, 2022",2.39,LuCapy Studio,0,0,False,0
1089830,Monster Energy Supercross - The Official Videogame 3,"Feb 4, 2020",29.99,Milestone S.r.l.,0,900,False,0
403070,Silver Creek Falls: Chapter 2,"Sep 30, 2015",4.99,Sapphire Dragon Productions,0,41,False,0
811440,Gripper's Adventure,"Mar 21, 2018",10.99,Albash Bokhari,0,1,False,0
491010,IN-VERT: Definitive Edition,"Mar 2, 2018",4.99,TERNOX,0,61,True,0
681290,Hare,"Sep 27, 2017",0.99,"zelun,tio_jolo",0,11,False,0
1233460,Star Escape,"May 22, 2020",4.99,Ampersand Game Studios,0,1,False,0
1688630,Emperial Knights Playtest,"Nov 14, 2021",0.0,Unknown,0,0,False,0
350530,Airport Firefighters - The Simulation,"May 13, 2015",17.99,Visual Imagination Software GbR,0,94,False,0
2026860,Maria Blanchard Virtual Gallery,"Jul 1, 2022",0.0,Virtual Video,0,0,False,0
1481840,Frisbros,"Mar 18, 2022",9.99,Nicholas Evelson,0,7,False,0
1444890,Crazy Mafioso,"Nov 16, 2020",1.99,Rabotiagi games,0,13,False,0
1217340,Anime Studio Tycoon,"Nov 12, 2020",9.99,True Seria,0,16,False,0
1478660,Slotracers VR Playtest,"Dec 17, 2020",0.0,Unknown,0,0,False,0
872340,Bunny Battle Arena,"Sep 12, 2018",2.99,DCF Studios,0,5,False,0
523680,Honey Rose: Underdog Fighter Extraordinaire,"Sep 29, 2016",0.0,Pehesse,0,32,False,0
439460,Ships 2017,"Oct 19, 2016",14.99,FragOut,0,63,False,0
1308880,FORECLOSED,"Aug 12, 2021",16.99,Antab Studio,0,46,False,0
296650,The Great Jitters: Pudding Panic,"May 22, 2014",4.99,kunst-stoff GmbH,0,48,False,0
1549420,メンヘラフレシア　フラワリングアビス,"Jun 24, 2021",19.99,CHARON,0,25,False,0
418270,Draw Slasher,"Oct 13, 2016",1.99,Mass Creation,0,388,True,0
390220,Toilet Tycoon,"Sep 17, 2015",4.99,Anvil-Soft,0,102,False,0
549860,One Night Stand,"Nov 7, 2016",2.99,Kinmoku,0,546,True,0
612380,Cryptocracy,"Apr 11, 2017",0.99,Dozen Minds OU,0,5,False,0
1559340,Qubie: Invader of Worlds,"Nov 14, 2021",1.99,Error 404,0,0,False,0
1632640,Bouncing Traveler,"May 24, 2021",9.99,Neatan Games,0,7,False,0
350480,Tales of Cosmos,"Oct 20, 2016",14.99,Red Dwarf Games,0,41,False,0
220900,Jack Lumber,"Apr 30, 2013",4.99,Owlchemy Labs,0,225,True,0
1768260,Killer Worm 2,"Jan 18, 2022",0.0,"JOZGamer,RFL Art,Hatus Quemuel",0,0,False,0
539090,Clazer,"Dec 27, 2016",29.99,"SynapticSwitch, LLC",0,23,False,0
908500,crazy maze ~疯狂迷宫 ~ 狂った迷路 ~ Laberinto loco ~ Labyrinthe fou ~ Verrücktes Labyrinth,"Nov 1, 2018",0.0,liuguowang,0,12,False,0
1852760,Memory Puzzle - Sexy Fairies,"Dec 25, 2021",0.59,DIG Publishing,0,0,False,0
809890,Shining Resonance Refrain,"Jul 9, 2018",29.99,SEGA,0,770,False,0
570770,古剑奇谭二(GuJian2),"Sep 7, 2017",15.99,"上海烛龙信息科技有限公司,Aurogon Shanghai",0,1802,False,0
448500,Little Walker,"Apr 6, 2016",3.99,Blake Fix,0,34,False,0
854160,Dino Dawn,"May 11, 2018",19.99,neonboxgames,0,10,False,0
1359170,Killer Dog,"Jul 16, 2020",3.99,Riba Plus,0,8,False,0
897010,Surface: Return to Another World Collector's Edition,"Aug 6, 2018",9.99,Elephant Games,0,2,False,0
1607870,Cub Gym,"May 5, 2021",3.99,Luiz Otávio da Silva,0,1,False,0
553260,Realpolitiks,"Feb 16, 2017",14.99,Jujubee S.A.,0,671,True,0
453130,Powargrid,"Oct 5, 2016",9.99,Wee Free Studio,0,27,True,0
1508890,Desirable: Dream Hotel,"Jan 10, 2021",1.99,Lieon Games,0,0,False,0
3010,Xpand Rally,"Aug 24, 2006",4.99,Techland,0,293,False,0
1297480,Isorropia,"May 16, 2020",0.0,Christian Slater,0,1,False,0
1217830,Khimera: Puzzle Island,"Nov 29, 2020",6.99,Suits & Sandals,0,116,False,0
628830,Ultra Hat Dimension,"Jul 16, 2020",4.99,Kitsune Games,0,24,True,0
686440,Hard Time,"Aug 16, 2017",4.99,MDickie,0,152,False,0
521710,Romance of the Three Kingdoms III,"Feb 21, 2017",19.99,"KOEI TECMO GAMES CO., LTD.",0,9,False,0
1986310,猎魔战纪,"May 25, 2022",0.0,水狗工作室,0,0,False,0
1259660,NETABOKU -A robot girl changes my life as a bedridden boy-,"Dec 17, 2020",9.99,Atelier ATIC,0,3,False,0
108200,Ticket to Ride,"May 24, 2012",9.99,Days of Wonder,0,3942,False,0
614150,Train Harder,"Apr 21, 2017",7.99,2Frogs Software,0,10,False,0
1570340,Dawn of the Falkonir,"May 5, 2021",0.0,Fowl Play Studios,0,0,False,0
304970,SolidFace Parametric CAD Modeler 2D/3D,"Dec 22, 2014",0.0,"SolidFace Technology Inc.,Oscar L.",0,1,False,0
1630940,HUMBLE ZOMBIE,"May 27, 2021",1.99,SHIBO GAMES,0,5,False,0
878520,Sally's Salon: Kiss & Make-Up,"Jun 28, 2018",12.99,GameHouse,0,66,False,0
1927300,Yin Yang Space,"Apr 22, 2022",1.99,PanGuoJun,0,0,False,0
340630,Ninja Guy,"Jan 5, 2015",1.99,Immunity Studios,0,42,True,0
704310,Lumberjack VR,"Oct 13, 2017",0.0,Erik Brunnström,0,10,False,0
619150,while True: learn(),"Jan 17, 2019",12.99,Luden.io,0,5491,True,0
1373890,Fight N' Fall,"Nov 26, 2021",9.99,Piloto Studio,0,1,False,0
1869200,The Adventures of Mr. Hat,"Feb 24, 2022",2.99,AX-GAME,0,14,False,0
392030,Murasaki,"May 12, 2016",4.99,Katatema,0,85,False,0
605850,Pinball Inside: A VR Arcade Game,"Mar 8, 2017",0.0,Reality Reflection,0,47,False,0
441670,Jelly Killer,"Mar 24, 2016",3.99,Immortal Game Studio,0,237,True,0
962150,Tactics V: Obsidian Brigade,"Aug 8, 2019",19.99,From Nothing Game Studios,0,20,True,0
50990,Mystery Case Files: Ravenhearst®,"Apr 21, 2010",9.99,Big Fish Games,0,68,False,0
648510,Choice of the Star Captain,"Jun 16, 2017",3.99,Choice of Games,0,8,True,0
1071070,Adventure of Great Wolf,"May 31, 2019",2.99,Claudius Keigfron,0,2,False,0
2011540,Blue Star Mobile Team,"Jun 28, 2022",0.0,BT Games,0,0,False,0
1761740,My Cashy Side Job at Lost&Found in the Subway of Million-Person City,"Nov 25, 2021",2.99,Unusual Meaning,0,25,True,0
538700,TURGUL: RAPID FIGHTING,"Dec 19, 2016",0.99,dynamicsoulworks,0,1,True,0
1564150,Lost in Blindness,"May 17, 2021",9.99,Unseen Interactive,0,24,True,0
726870,Anchorhead,"Jan 31, 2018",9.99,Michael Gentry,0,35,False,0
1074390,Scikor - Final Scale,"Feb 28, 2020",3.99,Rob Scikōr,0,5,False,0
1554780,Trekking and Camping | 远足与露营,"May 4, 2021",1.99,Hont,0,14,False,0
1065750,Spark and The Digital Daydream,"May 7, 2019",0.0,Luminescence Interactive,0,57,False,0
714780,Google Spotlight Stories: Special Delivery,"Dec 14, 2017",0.0,Google Inc.,0,35,False,0
1321040,Memory Note,"Dec 25, 2020",1.99,CupcakeTime Team,0,47,True,0
1204930,Hop Step Sing! Astral Piece,"Dec 12, 2019",6.99,"Kodansha,Kodansha VR Lab",0,83,False,0
1588760,Switchball HD - Puzzle Platformer,"May 17, 2021",2.69,Atomic Elbow,0,59,False,0
924740,Beyond Senses,"Jan 6, 2020",7.99,Sky Haubrich,0,22,False,0
416340,Viking Saga: New World,"Nov 5, 2015",3.99,Realore,0,25,False,0
242610,Grappledrome,"Feb 13, 2017",0.0,800 North,0,17,False,0
1613340,Pirates of the Asteroid Belt Playtest,"Apr 23, 2021",0.0,Unknown,0,0,False,0
1168980,Buried Alive: The Annihilation VR,"Jan 19, 2021",14.99,The Two Ravens,0,6,False,0
1277340,Sunset fighter,"Apr 18, 2020",11.99,torumees.games,0,2,False,0
1233610,Tactical Warfare Simulator,"Dec 21, 2020",49.99,Hollow World Games llc,0,1,False,0
302610,Boson X,"Sep 15, 2014",2.99,"Ian MacLarty,Jon Kerney",0,1426,True,0
1638730,Bear Soul,"Aug 7, 2021",1.99,Rockus Games,0,0,False,0
1484150,VR Museum Tour Grand Collection,"Dec 8, 2020",4.99,William at Oxford,0,1,False,0
1850710,Crossfire: Legion Playtest,"Jan 18, 2022",0.0,Unknown,0,0,False,0
922520,Blood City,"Aug 28, 2018",2.99,WJLEGAME,0,18,False,0
1743770,Propnight Playtest,"Oct 15, 2021",0.0,Unknown,0,0,False,0
1157200,Magnesium_173,"Aug 19, 2021",14.99,"Mark Graham Johnson,Marikat Software Corp",0,3,False,0
1862100,Quest for Cathay Kingdom Mah Jong,"Mar 18, 2022",2.99,Deborah Vellozo,0,5,True,0
2022020,Hidden Desert War Top-Down 3D,"Jun 17, 2022",9.99,Top-Down Games,0,11,True,0
1099400,唤境引擎 Evkworld,"Jul 14, 2019",0.0,星飞游戏,0,29,False,0
1604610,Space Tek,"Oct 21, 2021",0.0,Raw Orange Studios Limited,0,0,False,0
503060,The Agency of Anomalies: Mystic Hospital Collector's Edition,"Jul 18, 2016",9.99,Orneon,0,14,False,0
1275970,Digital Dungeon Tiles,"Apr 13, 2020",29.99,HMM,0,3,False,0
847490,Star Speeder,"May 11, 2018",0.99,Synthetic Games,0,5,False,0
1101580,Spooky Starlets: Movie Monsters,"Jun 23, 2022",9.99,MogWallop Games,0,0,False,0
201010,Geneforge 5: Overthrow,"Nov 1, 2008",19.99,Spiderweb Software,0,95,False,0
837610,Mary Skelter: Nightmares,"Jul 19, 2018",24.99,Idea Factory,0,421,False,0
1029870,Unsung Heroes: The Golden Mask,"Jan 28, 2020",12.99,"Threaks,GameHouse",0,54,False,0
205690,1000 Amps,"Feb 22, 2012",4.99,Brandon Brizzi,0,250,False,0
632240,Gunball,"Jun 28, 2017",1.99,REDspace,0,2,False,0
1774150,Stack Gun Heroes Playtest,"Oct 8, 2021",0.0,Unknown,0,0,False,0
898910,DASH: Danger Action Speed Heroes,"Jun 6, 2019",9.99,"Baby Duka,Schubell IT",0,15,True,0
1042930,Trackmaster,"Dec 11, 2020",11.99,Master Technologies,0,16,False,0
109500,Fowl Space,"Mar 21, 2012",4.99,Pixelante Game Studios,0,106,False,0
539290,Brick Breaker,"Feb 20, 2017",9.99,Sanuk Games,0,35,False,0
1603600,Daldos,"Apr 18, 2022",7.99,Vanaheim Team,0,3,False,0
489100,MachRace,"Jun 30, 2016",9.99,enko,0,9,False,0
1310620,The Sight in a mirror,"May 31, 2020",1.99,Nilz,0,1,False,0
740450,Alien Planet,"Dec 4, 2017",0.99,Falkrus,0,2,True,0
1646090,Tokyo Rogue,"Jul 15, 2022",12.99,Lunacy Labs Ltd.,0,12,True,0
448670,Pinball HD Collection,"Aug 3, 2016",19.99,OOO Gameprom,0,52,True,0
1956110,LandPort,"May 19, 2022",0.0,Prairie Game,0,0,False,0
542740,Balloon Blowout,"Oct 28, 2016",0.99,EnsenaSoft,0,57,False,0
687980,Mothlight,"Aug 25, 2017",0.0,Samu,0,351,False,0
612120,Darwin's bots: Episode 1,"Mar 27, 2017",7.99,Duplicator Studio,0,9,False,0
1259000,Damascus,"May 15, 2020",0.0,Team Teal,0,189,True,0
1380060,Urban Trial Tricky™ Deluxe Edition,"Jul 22, 2021",19.99,Tate Multimedia,0,15,False,0
814560,Eat my Shuriken and Die!,"Jun 3, 2020",2.99,FlowersFX,0,1,False,0
701100,Amoreon NightClub,"Sep 6, 2017",0.0,Citor3,0,49,False,0
1407060,Crimson Ranch,"Sep 24, 2020",2.99,Aiaz Marx,0,19,False,0
1495860,What The Dub?!,"Apr 8, 2021",7.99,"Wide Right Interactive,Mark Zorn,Kurt Wojda",0,205,False,0
1126970,Strazeal,"Aug 26, 2019",1.99,"Tradosoft,Michiel Pater",0,1,True,0
1639530,Bitten! Someone has to be a villain,"Jun 3, 2021",2.99,Uladzislau Basin,0,5,False,0
1995420,Flora and Sauna,"Jun 6, 2022",12.99,EnroAndOz,0,0,False,0
358000,The Curse of Nordic Cove,"Apr 23, 2015",0.99,On The Level Game Studios,0,15,False,0
1856080,Ambushed,"Feb 5, 2022",1.49,FakeBamboo,0,0,False,0
239430,Q.U.B.E: Director's Cut,"May 21, 2014",2.49,Toxic Games,0,1438,True,0
961490,Travis Strikes Again: No More Heroes Complete Edition,"Oct 17, 2019",39.99,GRASSHOPPER MANUFACTURE INC.,0,298,False,0
363500,Ossuary,"May 27, 2015",9.99,"Gregory Avery-Weir,Melissa Avery-Weir",0,33,False,0
286750,Zoo Empire,"Sep 3, 2015",6.99,Enlight Software Limited,0,98,False,0
388080,Borderless Gaming,"Jul 23, 2015",3.99,"AndrewMD5,Codeusa",0,2461,False,0
1565630,Doge to the Moon,"Mar 19, 2021",2.0,The Wilburnness,0,4,False,0
1751800,Ibatic,"Jan 17, 2022",0.0,Moonfish Studio,0,0,False,0
925360,Ape Hit,"Aug 31, 2018",0.99,"Malika K. LLC,Zombie's Delight Studio",0,5,False,0
482300,Investigator,"Jun 1, 2016",4.99,AdroVGames,0,654,False,0
964910,Sunshine & Overcast,"Oct 15, 2021",0.0,SunshineOvercast,0,3,False,0
16130,Fish Tycoon,"May 12, 2008",9.99,Last Day of Work,0,58,False,0
1716950,Gra&Vity,"Oct 7, 2021",0.99,Company Not Found,0,14,True,0
411530,Roads of Rome 3,"Oct 19, 2015",3.99,Whiterra,0,27,False,0
237430,Expeditions: Conquistador,"May 30, 2013",19.99,Logic Artists,0,1079,True,0
1843720,Skullborn Playtest,"Dec 28, 2021",0.0,Unknown,0,0,False,0
485120,Frog Climbers,"Oct 6, 2016",6.99,TeamCrew,0,131,False,0
1907570,Hot Milf 4,"Mar 5, 2022",0.99,Cyber Keks,0,0,False,0
528670,Elems,"Nov 11, 2016",0.99,Fifth Dimension Company,0,11,False,0
417540,Gamefuel Driver Control,"Dec 10, 2015",29.99,Auslogics Software,0,9,False,0
1496530,Cinders Of Hades,"Jan 26, 2021",2.99,Holon Studios Inc.,0,1,False,0
465070,TRIZEAL Remix,"Jul 7, 2016",11.99,TRIANGLE SERVICE,0,22,False,0
448010,RePete,"Mar 9, 2016",1.99,Luke Godfrey,0,31,True,0
782630,Twisted Sails,"Mar 26, 2018",0.0,Heatwave Studios,0,12,False,0
1162170,Below Sunshade,"Nov 19, 2019",5.99,Arvus Games,0,0,False,0
1941850,Goddess Of War Essa,"Apr 6, 2022",3.99,Small Game,0,1,False,0
1467740,Pocket Plants,"Dec 7, 2020",0.0,Studio Sprouts,0,15,False,0
1212930,Doler,"Jan 17, 2020",2.99,Sokpop Collective,0,5,False,0
1580990,Manipulator I:The Hand Behind,"Apr 24, 2021",9.99,GuoQiangQiang,0,0,False,0
1975670,White Lavender,"Jun 20, 2022",4.99,Sokpop Collective,0,30,False,0
1808480,Poly Puzzle: Cats,"Nov 17, 2021",1.99,Cute Hannah's Games,0,3,False,0
818070,Draoi,"Sep 27, 2018",19.99,Avenal Investments Ltd,0,0,False,0
1271190,Queen's Glory,"May 1, 2020",9.99,"BananaKing,台灣香蕉王",0,0,False,0
944590,Thunder Kid,"Oct 22, 2018",7.99,Renegade Sector Games,0,29,False,0
1299400,Understand,"Oct 30, 2020",3.99,Artless Games,0,409,False,0
958090,School of the Dead: Anastasia,"Nov 27, 2018",0.99,"NOINDEX GAMES,Maksim Streicher",0,30,False,0
607040,Grimoire Chronicles,"Apr 20, 2017",0.51,Warfare Studios,0,44,False,0
1301850,Meditation VR,"Jul 31, 2020",0.0,Better Than Life,0,49,False,0
299380,Masquerade: The Baubles of Doom,"Apr 20, 2016",14.99,Big Ant Studios,0,15,False,0
1626950,The Case of Maneki,"Mar 20, 2022",9.99,Zmakesgames,0,3,False,0
342260,Nevermind,"Sep 29, 2015",19.99,Flying Mollusk,0,319,False,0
1684920,Dungless 2,"Jul 27, 2021",2.99,ImperiumGame,0,8,False,0
888010,Tango: The Adventure Game,"Nov 16, 2018",2.99,Gualicho Games,0,50,False,0
538950,Plenty: Skyhearth,"Oct 20, 2016",0.0,Tiny Lions,0,48,False,0
293520,Carnivores: Dinosaur Hunter Reborn,"May 27, 2015",14.99,Digital Dreams Entertainment LLC,0,573,False,0
502940,"Calm Down, Stalin","Sep 8, 2016",3.99,Cartboard Games,0,846,False,0
1395560,Kandidatos,"Sep 1, 2020",0.99,Shaikonina Games,0,2535,False,0
1038680,凯旋岛,"Apr 4, 2019",0.0,悦艺工作室,0,11,False,0
291690,Empathy: Path of Whispers,"May 16, 2017",19.99,Pixel Night,0,110,False,0
1246200,Super Toxicboy,"Feb 25, 2020",0.99,Pixel Harmony Studio,0,1,False,0
1581010,Haunted House - The Murder,"Sep 21, 2021",1.99,Yannik Leuenberger,0,0,False,0
1690250,Wet Waifu,"Aug 25, 2021",0.99,Sweet Games,0,0,False,0
653210,Prisoner,"Jul 17, 2017",2.99,Polovey Alexander,0,22,False,0
267360,MURI,"Dec 6, 2013",4.99,"Ludosity,Remar Games",0,427,False,0
1694430,Dynamic Dungeons Editor,"Oct 31, 2021",29.99,Dynamic Dungeons,0,55,False,0
1886850,Horror In Valkeala,"Mar 3, 2022",0.99,"Tero Lunkka,Valkeala Software",0,17,False,0
1378490,Total War: Elysium Playtest,"Jul 24, 2020",0.0,Unknown,0,0,False,0
499910,SHINRAI - Broken Beyond Despair,"Aug 26, 2016",14.99,Gosatsu Visual Novels,0,98,True,0
1863170,From Dusk To Dawn,"Jan 21, 2022",6.99,3P Studios,0,6,False,0
1644840,Kittens and Yarn,"Jun 17, 2021",1.99,Pinel Games,0,108,False,0
1422880,Frisbee For Fun,"Nov 21, 2020",2.99,Caio Flavio,0,17,False,0
12460,BC Kings,"Jun 16, 2009",4.99,Mascot Entertainment,0,113,False,0
410320,EARTH DEFENSE FORCE 4.1 The Shadow of New Despair,"Jul 18, 2016",19.99,SANDLOT,0,7129,False,0
1345440,Toy Tanks,"May 12, 2022",11.99,Rodney Luck,0,33,True,0
757600,Hotel Transylvania 3: Monsters Overboard,"Jul 10, 2018",24.99,Torus Games,0,10,False,0
952000,Be Vigilant!,"Jan 23, 2022",15.0,Zero Thorn Studios,0,4,False,0
1735930,SICK,"Apr 30, 2022",9.99,Michael Derek,0,13,True,0
336670,HIT,"Feb 9, 2015",0.0,Shifty Chair Games,0,181,False,0
1828410,Survive The Island,"Dec 14, 2021",0.0,XO GAMES,0,0,False,0
733420,Fragments,"Nov 9, 2017",0.0,Pulsarium,0,3,False,0
1528770,RoadPunk,"Feb 20, 2021",0.99,ChangeMe,0,4,False,0
542260,The Herbalist,"Nov 15, 2016",5.99,Moonworks,0,559,True,0
369560,The Story Goes On,"Mar 2, 2018",4.99,Scarecrow Arts,0,102,True,0
1494400,VR JAPAN,"Jan 8, 2021",6.99,Kraftmaru,0,40,False,0
394850,Square Brawl,"Oct 22, 2015",4.99,Landfall,0,117,True,0
953900,Pantsu Hunter: Back to the 90s,"Jan 17, 2019",1.79,Golden Wave Games,0,148,True,0
299480,Rogue Stormers,"Apr 21, 2016",19.99,Black Forest Games,0,656,True,0
1696230,Peblito: Rock and Roll,"Aug 9, 2021",0.0,Studio Half-,0,0,False,0
1530670,Buyhads,"Feb 5, 2021",9.99,Amfich,0,11,False,0
1260220,Hentai Two Girls,"Mar 19, 2020",3.99,Snkl Studio,0,0,False,0
1503530,Minit Fun Racer,"Feb 18, 2021",2.99,"JW,Kitty,Jukio,Dom",0,184,False,0
750960,Yissa Deep Realms,"Nov 23, 2017",4.99,PixelGreeds,0,67,False,0
1898130,Memory Novel - The Threesome,"Feb 10, 2022",1.99,DIG Publishing,0,0,False,0
523210,A Normal Lost Phone,"Jan 26, 2017",2.99,Accidental Queens,0,1845,True,0
1278170,Big Rumble Boxing: Creed Champions,"Sep 3, 2021",39.99,Survios,0,52,False,0
950400,Blame Him,"Jun 2, 2019",14.99,Chilla's Art,0,59,False,0
766570,Russian Fishing 4,"Nov 10, 2021",0.0,"FishSoft, LLC",0,19370,False,0
1694450,Mix Hentai Girls,"Aug 30, 2021",0.99,Lory Studios,0,0,True,0
1343220,LINGERING,"Jul 7, 2020",12.99,Ceylon Entertainment,0,0,True,0
1672700,Tiny Hunter,"Jul 6, 2021",7.99,Nojigames,0,6,False,0
1860120,Fractal Fly,"Feb 10, 2022",0.0,Tectrid,0,0,False,0
1338020,Super Glitter Rush,"Jun 30, 2021",3.99,"tiny cactus studio,Tsuyomi",0,58,False,0
1213420,Texas Holdem Poker: Solo King,"Mar 4, 2020",12.99,sun xiaodong,0,24,False,0
1385820,Ninja Kunoichi,"Sep 3, 2020",7.99,Nacks Soft,0,1,False,0
848460,Aurum Kings,"Jul 23, 2018",0.0,Bull Horn Games LLC,0,0,True,0
735650,One More Night: BiO Clinic,"Nov 6, 2017",4.99,Stephen Wu,0,4,False,0
1048100,Peekaboo,"Aug 7, 2019",1.49,Redaster Studio,0,2509,False,0
345700,Echo Tokyo: An Intro,"Jan 27, 2016",4.99,Echo Games,0,94,False,0
1873830,Bouldeurdache,"Feb 5, 2022",0.0,Blackbird Studios,0,0,False,0
65600,Gothic 3: Forsaken Gods Enhanced Edition,"Mar 22, 2011",9.99,"Trine Studios,G3 Community Patch Team,Mad Vulture Games",0,474,False,0
674250,Resurgence: Earth United,"Sep 29, 2017",8.99,Pixel by Pixel Studios Inc.,0,23,False,0
439250,Space Pilgrim Episode III: Delta Pavonis,"Feb 4, 2016",1.13,"Pilgrim Adventures,GrabTheGames Studios",0,291,False,0
1788650,Alchera,"Jul 16, 2022",19.99,Unisclord Game Studio,0,2,False,0
1239710,Draco VR Dragon Sim,"Mar 19, 2020",0.99,Benjamin Pierce,0,0,False,0
1275060,Farm Builder,"Jun 12, 2020",3.99,LAN - GAMES LTD,0,7,False,0
940350,Snakest,"Dec 7, 2018",0.49,Softwaves Mini,0,5,False,0
868060,Immortal Darkness: Curse of The Pale King,"Oct 17, 2018",7.99,Giant Space Monster,0,39,False,0
1284550,Geometric Feel the Beats,"Aug 19, 2020",1.99,YAW Studios,0,32,False,0
924670,Need for Spirit: Drink & Drive Simulator/醉驾模拟器,"Sep 5, 2018",0.99,"Atomic Fabrik,Cristian Manolachi,Gamesforgames",0,70,False,0
598590,Escape 2042 - The Truth Defenders,"Mar 31, 2017",5.99,OrionSoft,0,9,False,0
620050,Start10,"May 11, 2017",4.99,Stardock,0,38,False,0
211208,VectorMan 2,"May 2, 2012",0.99,Unknown,0,0,True,0
454330,A Room Beyond,"Jun 13, 2017",7.99,René Bühling,0,18,False,0
1723050,Escape Ninja,"Sep 29, 2021",15.99,MBA International,0,1,False,0
763230,Fruity Smoothie,"Dec 21, 2017",0.0,Wooden Shoes Games,0,175,True,0
959710,the earth is a better person than me,"Nov 7, 2018",6.99,Kara Stone,0,0,False,0
1140060,War Ghost,"Sep 6, 2019",0.99,Luiz Felipe Da Silva Marian,0,1,False,0
1644920,Love in Belarus,"Jun 21, 2021",1.99,Taxincrease,0,42,False,0
957070,iB Cricket,"Oct 25, 2020",29.99,ProYuga Advanced Technologies Ltd,0,93,False,0
1270780,Elemental Defenders TD,"Apr 2, 2020",1.64,Wa Tran,0,1,False,0
1702210,Piecewise: build chat bots with blocks,"Nov 2, 2021",14.99,Piecewise Labs,0,12,True,0
1302270,F29 Retaliator,"Jul 3, 2020",6.99,Digital Image Design Ltd.,0,7,False,0
974930,Eternal Realm II: Dark Matter,"Nov 21, 2018",3.99,Omega Games,0,0,False,0
1017480,WarGround,"Feb 2, 2019",0.0,GamersUnit,0,11,False,0
676030,Eternal Starlight VR,"Jun 17, 2021",11.99,White Noise Games,0,44,False,0
1728410,THORN DEMON HUNTER,"May 12, 2022",5.99,LIN YUANHUI,0,3,False,0
1165280,Shuffle World,"Oct 9, 2019",0.99,NanningsGames,0,7,True,0
1095120,Helheim Hassle,"Aug 18, 2020",19.99,Perfectly Paranormal,0,136,True,0
818390,The Deer,"Dec 16, 2019",0.0,Dodo Digital,0,22,False,0
1245470,Ultimate Ski Jumping 2020,"Apr 3, 2020",0.99,Blue Sunset Games,0,44,False,0
839770,Phoenix Point,"Dec 3, 2020",24.99,Snapshot Games Inc.,0,3087,False,0
1874660,浮生箓 Floating Life,"Feb 17, 2022",2.99,心流工作室（Heart Stream Studio）,0,69,False,0
562640,Introvert Quest,"Mar 15, 2017",0.5,Amaterasu Software,0,74,False,0
360840,Lumini,"Sep 3, 2015",12.99,Speelbaars,0,128,True,0
1007890,VR Paper Star,"Jan 21, 2019",19.99,North Breeze Entertainment Ltd,0,0,False,0
1030840,Mafia: Definitive Edition,"Sep 24, 2020",39.99,Hangar 13,0,37900,False,0
1234450,EDGE OF DAWN,"Jul 17, 2020",14.99,Western Werks,0,15,False,0
890130,Pawn of the Dead,"Feb 19, 2021",7.99,Aslan Game Studio,0,46,True,0
1908060,The Curse Of Grimsey Island Playtest,"Feb 18, 2022",0.0,Unknown,0,0,False,0
1093880,XWallpaper,"Oct 15, 2019",2.79,XDesktop,0,72,False,0
1896980,The Chronicles of Hercules II - Wrath of Kronos,"Feb 21, 2022",5.99,EfunSoft Games,0,4,False,0
368730,No Time To Explain Remastered,"Jul 17, 2015",14.99,tinyBuild,0,1852,True,0
1041300,Human Sacrifice,"Mar 19, 2019",0.79,"Tricol Co., Ltd.",0,3,False,0
572620,Pierhead Arcade 2,"Aug 5, 2021",7.49,Mechabit,0,104,False,0
1581500,Dragon Drop,"Jun 10, 2022",4.99,Cloudy Games LLC,0,25,True,0
318260,Supreme: Pizza Empire,"Jan 9, 2015",9.99,Nexeon Studios,0,70,True,0
821880,Idol Manager,"Jul 26, 2021",19.99,Glitch Pitch,0,2479,True,0
886360,Casino Mega Collection,"Jul 2, 2018",6.99,Gunnar Games,0,17,False,0
1408480,Sneaky Kitten,"Dec 24, 2021",5.99,Eight Lives AB,0,6,False,0
696760,HoloLAB Champions,"Jul 10, 2018",4.99,Schell Games,0,19,False,0
780210,Freeways,"Feb 6, 2018",3.99,Captain Games,0,851,False,0
1713640,Ransack Raccoon,"Aug 19, 2021",0.0,Calico Cafe,0,0,False,0
451600,CounterAttack,"Mar 11, 2019",14.99,Relative Games,0,225,True,0
1109350,ANCIENT SOULS : The Governor,"Jul 14, 2019",7.99,OE WORKS,0,6,False,0
781240,Mystical,"Feb 8, 2018",4.99,Infogrames,0,4,False,0
929570,A Familiar Fairytale Dyslexic Text Based Adventure,"Nov 18, 2019",0.99,Alastair Low,0,2,False,0
841830,Semi-Sweet Tofu,"May 3, 2018",0.0,Team TatoTaco,0,4,False,0
1165460,Unlit,"Nov 25, 2019",11.99,Clockworks,0,1,False,0
485980,Syrian Warfare,"Feb 21, 2017",13.99,Cats Who Play,0,3383,False,0
679400,Relik,"Oct 18, 2017",0.0,Iron 27,0,139,False,0
1514480,Lucid Cycle,"Feb 19, 2021",2.59,Tonguç Bodur,0,32,False,0
1368750,Jigsaw Puzzles: Master Artists of Old,"Aug 7, 2020",0.0,Aventale Games,0,5,False,0
1121310,ViRo Playspace,"Sep 13, 2019",0.0,Virtual Romance LLC,0,0,False,0
1453640,Valthirian Arc: Hero School Story 2,"Mar 31, 2022",11.99,Agate International,0,19,False,0
1389360,Mech Armada,"Jun 16, 2022",19.99,Lioncode Games,0,264,False,0
429480,Vision Runner,"Oct 19, 2016",9.99,Snowbit Interactive,0,4,False,0
1368400,Pombero - The Lord of the Night,"Nov 23, 2020",5.99,Inside Studios,0,26,False,0
1005050,Fabulous - Angela's True Colors,"Jan 24, 2019",12.99,"Nitreal,GameHouse",0,41,False,0
529040,Fine China,"May 5, 2017",2.99,Fine China Games,0,9,False,0
694070,BadLands RoadTrip,"Apr 5, 2018",9.99,Obsessive Science Games,0,8,True,0
1311210,Virus Madness - Dungeons of your Body,"May 31, 2020",0.99,Adam Cs,0,1,False,0
1453660,Mana Gloom,"Dec 29, 2020",4.99,Sarynth,0,4,False,0
587580,Nature Treks VR,"May 4, 2017",9.99,John Carline,0,228,False,0
294440,Shadowgate,"Aug 21, 2014",14.99,Zojoi,0,544,False,0
1309290,Shadow of Valhalla,"Aug 20, 2020",9.99,Chicken Waffle,0,29,False,0
364980,Bunker Constructor,"Jun 24, 2016",4.99,Tindalos Interactive,0,13,False,0
269250,WORLD END ECONOMiCA episode.01,"Jun 17, 2014",12.99,Spicy Tails,0,564,True,0
1228870,Bartlow's Dread Machine,"Sep 29, 2020",14.99,"Beep Games, Inc.,Tribetoy",0,43,False,0
633660,Onimod Land,"Nov 10, 2017",9.99,Astralax,0,14,False,0
1274280,Blue Flame,"Jan 29, 2021",4.99,Fox's Sake Studio,0,8,False,0
1791610,Touhou Mystery Reel,"Feb 13, 2022",0.0,Iceprite,0,0,False,0
1127500,Mini Motorways,"Jul 20, 2021",9.99,Dinosaur Polo Club,0,13145,False,0
508650,Signal Decay,"Sep 19, 2019",13.99,Nela System,0,52,False,0
358700,3d Bridges,"Mar 23, 2015",3.99,Robert Dahlenburg,0,10,False,0
656740,Cosmonator,"Jan 21, 2019",6.99,Bourbontank,0,74,False,0
1047950,GUILT: The Deathless,"Apr 28, 2022",17.99,Outer Brain Studios,0,30,False,0
1076100,Illusion of L'Phalcia,"Jul 2, 2019",12.99,Exe Create Inc.,0,6,False,0
648150,Arcsaber VR,"Jan 15, 2021",0.99,BB Games,0,1,False,0
630900,Illwinter's Floorplan Generator,"May 4, 2018",6.99,Illwinter Game Design,0,370,True,0
883160,Legend of Dragon Labyrinth,"Oct 15, 2018",0.99,13-lab,0,0,False,0
783840,Lakeview Valley,"Oct 22, 2019",14.99,Roope Tamminen,0,494,False,0
1487140,Ochitsubaki,"Dec 17, 2021",13.99,FEYXUAN,0,2,False,0
1696810,RAILROADS Online!,"Oct 1, 2021",34.99,Stefan Kelnberger,0,1961,False,0
1178000,Ghost Dimension,"Jan 17, 2020",9.99,My Oldschool Console,0,28,False,0
1138580,Farmington County: The Ultimate Farming Tycoon Simulator,"Oct 26, 2019",14.99,"Grenoble Interactive, LLC",0,83,False,0
416090,Caretaker Retribution,"Dec 15, 2016",0.0,Xiotex Studios Ltd,0,4,False,0
595360,NIGHTSTAR: Rogue Wings,Mar 2017,0.0,SOLIDMESH,0,20,False,0
1581240,Der Geisterjäger / The Ghost Hunter,"Aug 26, 2021",10.79,Graverobber Foundation,0,8,True,0
1751990,Table Gun,"Oct 18, 2021",1.99,J Games 966,0,2,False,0
1445500,CITY - 909,"Oct 30, 2020",8.99,Alexandr,0,3,False,0
1315240,Blackstorm,"Jun 1, 2021",0.0,Lost Criteria Studios,0,0,False,0
404530,Voxel Turf,"Sep 13, 2017",7.99,L Twigger,0,426,True,0
1137650,Switchblade,"Aug 22, 2019",2.44,"Core Design,Gremlin Interactive",0,3,False,0
461550,Typing Instructor Platinum 21 - Mac,"Feb 10, 2017",29.99,Individual Software,0,0,False,0
1408380,RGB Simulator,"Nov 16, 2020",0.99,ToradySoft,0,2,False,0
1049690,Catch the Head,"Aug 29, 2019",7.99,Horos Interactive,0,9,False,0
612840,Boxplosion,"Jan 15, 2018",7.99,DNV,0,10,False,0
1463120,College Kings - Act I,"Mar 5, 2021",0.0,Undergrad Steve,0,0,True,0
243890,Mavis Beacon Teaches Typing Family Edition,"Mar 14, 2014",29.99,Bytes of Learning,0,11,False,0
428410,PRiO,"Mar 18, 2016",5.99,DanielDavisGames,0,27,False,0
988110,Breacher Story,"Jan 2, 2019",5.99,Doubleton Game Studio,0,6,False,0
1921760,Pocket Academy,"Jun 12, 2022",8.99,"Kairosoft Co.,Ltd",0,77,False,0
791370,Xploquest 2,"Feb 20, 2018",0.0,Jean-Sébastien Nouveau,0,10,True,0
622460,Steampunk Tower 2,"Apr 19, 2018",7.99,DreamGate,0,239,False,0
883130,New Star Manager,"Sep 27, 2018",19.99,New Star Games Ltd.,0,311,False,0
913570,Cave under Richmordnom,"Aug 23, 2018",0.99,Drymir,0,2,False,0
1930230,The Hole,"May 13, 2022",0.99,"c0d3_r,jmleach1987",0,1,False,0
351490,Intergalactic Bubbles,"May 29, 2015",1.99,Hellscape Games,0,927,True,0
378360,Ymir,"Mar 16, 2019",34.99,Thibaud Michaud,0,708,False,0
1273450,Selfless Heroes,"Apr 14, 2020",5.99,Félicien Brochu,0,31,True,0
1059660,Life Combinations,"Apr 26, 2019",0.99,Awix Studio,0,4,False,0
820830,The famous diver,"Mar 22, 2018",3.99,Laush Dmitriy Sergeevich,0,11,False,0
668290,From Orbit,"Aug 27, 2019",9.99,Tentacle Head Games,0,6,True,0
646100,Woodlands,"Sep 27, 2017",5.99,"Acuze Interactives,Winterbyte",0,96,False,0
1382310,Splinter,"Aug 21, 2020",0.99,Hobo Studios,0,1,False,0
1944970,Hidden Farm Top-Down 3D,"Apr 8, 2022",9.99,Top-Down Games,0,15,True,0
1534240,Drop Blox,"Jun 20, 2021",8.99,EcoGames,0,0,False,0
1339310,Solitaire 3D,"Jul 1, 2020",14.99,GrassGames,0,9,True,0
575800,Arizona Rose and the Pharaohs' Riddles,"Jan 18, 2017",9.99,Anawiki Games,0,6,False,0
1968280,AvatarShop,"May 31, 2022",64.99,Suzuki Cecil,0,0,False,0
634120,Inmates,"Oct 5, 2017",9.99,Davit Andreasyan,0,155,False,0
1843230,Win by Definition,"Jan 17, 2022",8.99,Tooru Akagi,0,2,False,0
1434550,Zeltrus,"Nov 11, 2020",1.99,"2>,Dexter.CO",0,1,False,0
316260,Disney Universe,"Oct 6, 2014",19.99,Eurocom,0,197,False,0
604040,Legion Tale,"Sep 20, 2017",4.99,Maulidan Games,0,10,False,0
1050170,Terramancer,"Feb 24, 2020",1.99,Fractalis,0,1,False,0
1546120,Void Explorer,"Jun 21, 2021",0.99,"Theodore King,Dylan Harrison,Alex Stahly,Faith King,Camdym Charles",0,2,True,0
762850,Cubit,"Feb 6, 2019",0.99,S.A. DigiWorks,0,5,False,0
1221560,Just Chatting,"Feb 13, 2020",0.0,SunshineOvercast,0,0,False,0
1939600,Sillage,"Apr 20, 2022",5.99,Vludos,0,4,False,0
1652800,Entangled,"Sep 3, 2021",0.0,Tiltfactor,0,0,False,0
437530,A Blind Legend,"Apr 7, 2016",6.99,Dowino,0,180,False,0
1583650,Beautiful Girls,"Apr 5, 2021",0.99,SimpleDes,0,0,False,0
526130,Sky Sanctuary,"Jul 31, 2020",1.79,Glitchr Studio,0,40,False,0
1651880,Welcome To Lakewood,"Jun 17, 2021",0.99,Space Slug Studios,0,7,False,0
311120,The Stalin Subway: Red Veil,"Oct 24, 2014",2.99,Orion Games,0,237,False,0
410670,Suits: A Business RPG,"Jan 5, 2016",0.99,Technomancy Studios,0,755,True,0
1131410,Sable's Grimoire: Man And Elf,"Jun 19, 2020",5.99,Zetsubou,0,42,True,0
1417890,Catie in MeowmeowLand,"Mar 30, 2022",14.99,ARTillery,0,50,True,0
2006770,180 SECONDS,"Jul 8, 2022",5.99,"ANTOLD Studio,Josemar B. Pedro",0,5,False,0
1583840,R-Naught,"Nov 23, 2021",2.99,Jirapher,0,2,False,0
516940,MineSweeper VR,"Aug 25, 2016",1.99,Funny Twins,0,31,False,0
1304320,重装无限·Metal Infinite,"Jul 16, 2020",1.99,路过的骑士皇,0,29,False,0
1471960,Room to Grow,"Feb 25, 2021",9.99,Mischka Kamener,0,117,False,0
1350540,Rebel Reenactment: Battle of the Wilderness,"Aug 30, 2020",7.99,Cult Software,0,10,False,0
1512910,Power Ball 2021,"Jan 18, 2021",6.99,Paul Connor,0,1,False,0
511110,DodgeBall Blitz,"Sep 2, 2016",14.99,C3 Games Inc,0,0,False,0
1578750,Endless Furry Asteroids,"Apr 12, 2021",0.99,Tegridy Made Games,0,1,False,0
1674300,Ablockalypse,"Jul 16, 2021",6.99,Color It Company,0,0,True,0
465750,Tank Battle: North Africa,"Jul 12, 2016",9.99,HexWar Games,0,22,False,0
1053660,Chaos Starter,"Apr 5, 2019",0.99,Kiddy,0,26,False,0
605490,One Hit KO,"Apr 5, 2017",6.99,Three Frog Studios,0,8,False,0
1253320,Seconds in Space,"Sep 28, 2020",2.99,Funneractic,0,1,False,0
448960,"I, Hope","Feb 21, 2018",9.99,Kenny Roy,0,28,False,0
1457150,Leafling,"Dec 15, 2020",0.0,Celtaria Productions,0,428,False,0
1129660,Runefall 2,"Oct 10, 2019",9.99,Playcademy,0,35,True,0
1550750,Siren Head Hentai Edition,"Jun 4, 2021",0.49,Sweet Games,0,0,False,0
1787520,Resonance Wars,"Nov 11, 2021",2.99,TeatimeStrategy,0,2,False,0
292180,X-Plane 10 Global - 64 Bit,"Jul 14, 2014",0.0,Laminar Research,0,713,True,0
1095140,PrimeOrbial,"Jul 16, 2019",4.99,"RainbowVerse, LLC",0,4,False,0
973410,The Elementalist,"May 27, 2019",4.99,Zack Radick,0,9,True,0
1564660,Bongo Arena,"Mar 15, 2021",0.0,Da Bongo Studio,0,6,False,0
1563100,Nightmare Survival,"Mar 12, 2021",0.99,INFINITE BRIDGE,0,5,False,0
1853200,TYRONE vs COPS,"Feb 12, 2022",0.99,Team SNEED,0,816,True,0
1953220,Gem Tower Defense 2,"Apr 21, 2022",2.99,Ranger Game,0,2,False,0
1094250,It Stares Back,"Jun 25, 2019",9.99,Light Arc Studio Ltd,0,83,False,0
1979720,Bound By Blades Playtest,"May 12, 2022",0.0,Unknown,0,0,False,0
536660,JCB Pioneer: Mars,"Sep 1, 2017",24.99,Atomicom,0,66,False,0
362920,Atlantis 2: Beyond Atlantis,"Apr 17, 2015",3.99,"Cryo Interactive,Koalabs",0,25,False,0
1113940,Electronic Super Joy 2,"Aug 9, 2019",0.0,Michael Todd Games,0,587,True,0
915760,Aether Drift,"Aug 27, 2018",12.99,Toxic Sasquatch Games,0,3,False,0
1682030,Dire Vengeance,"Oct 14, 2021",19.99,Magic Shot Games,0,11,False,0
416840,Color By,"Jan 21, 2016",9.99,Team Polykroma,0,5,True,0
529130,Expect The Unexpected,"Dec 8, 2016",1.49,GoldenGod Games,0,53,True,0
1730670,A Day in the Park,"Sep 7, 2021",4.99,Deevilj,0,0,True,0
1535270,Vacation Adventures: Park Ranger 4,"Feb 15, 2021",6.99,Casual Arts,0,2,False,0
1836310,Apotheorasis • Lab of the Blind Gods | Prologue,"Dec 22, 2021",0.0,Tall Guy Productions,0,0,False,0
1945980,The Rusty Sword: Vanguard Island,"May 2, 2022",0.99,Plow Games LLC.,0,11,True,0
836440,MonsterxMan: Inheritence To Lust,"Apr 24, 2018",0.0,Hexadecimalstudios,0,59,True,0
796580,100 Seconds,"Mar 12, 2018",1.99,Cien Studio,0,0,False,0
1830050,September 28 Pizza,"Dec 20, 2021",1.69,Power Mint Game Studio,0,2,True,0
691680,Ganbatte,"Apr 19, 2018",6.99,Mimicry,0,2,False,0
1798310,Imitating Zombies,"Nov 14, 2021",1.99,Reforged Group,0,0,False,0
2058120,Worm Runner,"Jul 13, 2022",0.99,"Ruskija game experience,Tero Lunkka",0,12,False,0
399670,Game Corp DX,"Oct 2, 2015",2.99,Endless Loop Studios,0,2657,True,0
1410110,RENEGADE: ARENA SHOOTER,"Oct 2, 2020",0.0,C3T4NU,0,0,False,0
1841060,Tiny Stories: Santa Closes,"Dec 21, 2021",0.0,Flip It,0,0,False,0
584170,Freedom Locomotion VR,"Mar 13, 2017",0.0,Huge Robot,0,182,False,0
559210,Rakuen,"May 10, 2017",9.99,Laura Shigihara,0,4930,True,0
227160,Kinetic Void,"Nov 21, 2014",19.99,Badland Studio,0,276,True,0
1331390,sfäre,"Jan 11, 2022",4.99,Falkenbrew,0,13,False,0
816490,Hidden Paws,"Mar 22, 2018",1.64,Manic Hyena,0,529,False,0
1576880,Synthbiotic Dungeon,"Apr 24, 2021",0.0,Synthbiotic Studios,0,0,False,0
1527910,Gladio and Glory,"Mar 16, 2021",0.0,Adi Zhavo,0,2566,False,0
1876060,Dark Hood,"Jun 20, 2022",0.99,KANAKOV PRODUCTION,0,0,False,0
336230,Way to Go!,"Jun 8, 2015",4.99,Makivision Games,0,24,False,0
1029160,Sunset Planet,"Mar 1, 2019",0.99,So Dank Studio,0,11,False,0
1315070,Vaccine19,"Dec 25, 2020",0.0,coolnames,0,50,False,0
1353870,WestLand Adventure,"Jul 6, 2020",2.99,Alex Game Dev.,0,11,False,0
975710,Qipa World-Hello Big Adventure,"Dec 17, 2018",0.99,QIPAWORLD,0,19,True,0
980940,My Little Blacksmith Shop,"Dec 22, 2019",9.99,"Dasius,Noble Games Studio",0,568,False,0
800510,RoboHeist VR,"Apr 13, 2018",12.99,Blob Lab,0,4,False,0
1094010,火柴人联盟2,"Dec 19, 2019",0.0,厦门市火柴人科技有限公司,0,16,False,0
1692900,CS Horizon,"Jul 28, 2021",0.59,Value,0,2,False,0
1730160,MoveUp,"Sep 15, 2021",2.99,Voxel LLC,0,2,False,0
34282,Shadow Dancer™,"Jun 1, 2010",0.99,SEGA,0,31,True,0
714820,Creature Romances: For the Ladies,"Oct 31, 2020",2.99,Nostalgia,0,24,False,0
1794300,BLUE WISH DESIRE,"Nov 17, 2021",9.99,xxgameroom,0,27,False,0
1297010,Rinlo,"Oct 7, 2020",10.49,GuraShop,0,24,False,0
40800,Super Meat Boy,"Nov 30, 2010",14.99,Team Meat,0,28651,True,0
371450,Awe,"Oct 9, 2015",0.99,Badland Development Studio,0,185,False,0
2023330,Fright Night,"Jun 21, 2022",2.99,Luphi Interactive,0,6,True,0
1870170,Emiko's Pledge,"Feb 25, 2022",0.99,Anamik Majumdar,0,3,True,0
627690,Idle Champions of the Forgotten Realms,"Mar 25, 2020",0.0,Codename Entertainment Inc.,0,8436,False,0
1348390,I am an Air Traffic Controller 4,"Oct 15, 2020",59.99,TechnoBrain,0,236,False,0
1436280,Plan Z,"Jan 20, 2021",4.99,TheShadowBlue Interactive,0,3,False,0
1312000,Wrap It!,"Jun 16, 2020",0.49,Avery Kirby,0,4,False,0
1815550,TRUFFLE,"Jan 7, 2022",0.0,Ethan Robichaux,0,0,False,0
42920,The Kings' Crusade,"Oct 8, 2010",9.99,NeoCoreGames,0,57,False,0
959540,Devil's Toy,"Nov 6, 2018",0.99,Blueplant Entertainment,0,11,True,0
1167650,Context,"Oct 24, 2019",0.99,SunshineOvercast,0,1,False,0
939250,Dungeons and Dinners,"Oct 14, 2018",0.99,Dobest Studio,0,4,False,0
1600180,Solitaire Game Halloween 2,"May 16, 2021",4.99,Creobit,0,2,False,0
1941400,Tonikk Tycoon,"Apr 13, 2022",9.99,Devin Carlson,0,7,False,0
305490,Heileen 3: New Horizons,"Jul 17, 2014",24.99,Winter Wolves,0,45,True,0
488360,Vistascapes VR,"Jul 8, 2016",0.0,Bird Man Games,0,17,False,0
682280,Code 9,"Aug 24, 2017",2.99,Brendan Wiltshire,0,3,False,0
648070,CrisisActionVR,"Sep 11, 2017",19.99,Pixel Wonder,0,14,False,0
1875470,Ninjas Against the Machines,"Feb 18, 2022",7.99,Ome6a Games,0,2,False,0
810590,Area 86,"Apr 15, 2020",9.99,SimDevs,0,29,True,0
791320,Zahalia,"Mar 6, 2018",1.99,LunarCore Games,0,6,False,0
1598810,Life of Fly 2,"Jun 10, 2021",9.99,EpiXR Games UG,0,24,False,0
1012390,Fruitlockers Reborn! 2,"Jan 23, 2019",4.99,e-FunSoft Games,0,7,False,0
1029650,יום פתוח (Open Day),"Jun 22, 2022",14.99,Rafael Ben-Ari,0,61,False,0
738030,Monjarmageddon,"Mar 22, 2019",2.99,Mantis Shrimp Studio,0,6,True,0
764630,Alien Invaders from the Planet Plorth,"Jan 15, 2018",3.99,Robert Lanthier,0,0,False,0
992990,Beyond Extinct,"Feb 26, 2020",10.99,Crania Games,0,27,False,0
962070,Angry King,"Nov 5, 2018",0.0,PixToPix Studios,0,0,False,0
1365620,I'm a love interest in my childhood friend's reverse harem!!!,"Aug 31, 2020",9.99,Red Chan,0,5,False,0
690610,MagiCats Builder (Crazy Dreamz),"Jul 10, 2018",0.0,Dreamz Studio,0,123,False,0
905510,Rugosi,"Aug 8, 2018",0.99,Fürst,0,6,False,0
1710810,Legend Of The Ape,"Aug 20, 2021",2.99,Cyfi Developers,0,22,False,0
1386980,PANIC STATION,"Aug 25, 2020",1.99,Forest Games,0,25,False,0
539750,Kombine,"Oct 14, 2016",0.51,Robert Alvarez,0,82,False,0
1601680,The Advisor - Episode 1: Royal Pain,"May 31, 2021",2.99,Randumb Studios,0,434,False,0
1753690,Faye: A Tale of Shadow,"Feb 14, 2022",19.99,Night Stroll Studio,0,0,False,0
863230,Super Plexis,"Feb 19, 2021",9.99,Medley Studios,0,44,True,0
1059370,IMPALE YOUR FRIENDS!,"Jun 19, 2019",4.99,James Korin,0,4,False,0
1615560,Serpent Showdown,"May 15, 2021",4.99,Persuasion Game Studio,0,0,False,0
1527140,SC2KRender,"Feb 5, 2021",0.0,Aleksander Krimsky,0,13,False,0
661700,心の闇の先に Trial VersionⅡ,"Jan 15, 2018",0.0,It's a Wonderful Life,0,14,False,0
486940,Handball Action Total,"Feb 16, 2018",8.39,netmin games,0,16,False,0
778860,Animals Memory: Insect,"Jan 26, 2018",3.99,Laush Dmitriy Sergeevich,0,24,False,0
876850,WhiteLily 1：丽丽公主,"Aug 16, 2018",2.99,游学者狐狸,0,1144,False,0
482390,The Night Cafe: A VR Tribute to Vincent Van Gogh,"Jun 3, 2016",0.0,Borrowed Light Studios,0,241,False,0
676320,Letter-Setter,"Aug 16, 2017",3.99,Beaver Drummer,0,2,False,0
1684220,SEDOMAIRI / せどまいり,"Aug 1, 2021",4.99,Tenkai Games,0,15,False,0
946360,inside path,"Oct 18, 2018",0.99,Incensecoil,0,0,False,0
513330,Party Tycoon,"Oct 19, 2017",4.99,"Pinokl Games,Kverta Limited",0,157,False,0
1179010,Rollers,"Feb 11, 2020",0.0,DarxDev,0,18,False,0
1367380,She Salutes,"Jul 30, 2020",7.99,Noxurtica,0,0,False,0
1034120,GACHIMUCHI The Card Game,"Mar 7, 2019",0.99,M♂NLY,0,9,False,0
1713530,Station Commander,"Aug 23, 2021",7.99,Ben Marks Game Studios,0,3,False,0
736430,Clicker bAdventure,"Dec 27, 2017",2.99,Luminark,0,23,False,0
699510,The New California,"Nov 19, 2017",9.99,Game e Arte,0,7,False,0
1100180,Yousei Daisensou ~ Touhou Sangetsusei,"Aug 2, 2019",10.99,上海アリス幻樂団,0,69,False,0
959000,Edna & Harvey: The Breakout - Anniversary Edition,"Dec 4, 2019",3.99,Daedalic Entertainment,0,348,True,0
731180,Coffee Run,"Oct 30, 2017",0.0,Andrew Rodenhiser,0,85,False,0
1481960,Death off the Cuff,"Jan 11, 2021",2.99,Simon Christiansen,0,4,False,0
376410,Acaratus,"May 25, 2017",14.99,Nodbrim Interactive,0,28,False,0
723110,Scrap Galaxy,"Dec 1, 2017",7.99,Catalope Games,0,11,False,0
226620,Desktop Dungeons,"Nov 7, 2013",14.99,QCF Design,0,1239,True,0
1108750,Timerunner,"Dec 13, 2021",6.39,Sicarius,0,64,False,0
788040,Edvog Explorer Game,"Apr 20, 2018",0.0,Andrei Ionita,0,1,False,0
1768790,Edwardo,"Nov 12, 2021",3.99,"Lewis Spalato,Andrew Spalato",0,5,False,0
1471220,Timothy ティモシー -神秘の森-,"Dec 23, 2021",9.99,Kibou Entertainment,0,1,False,0
699080,Jake's Love Story,"Oct 5, 2017",9.99,Mikołaj Spychał,0,104,True,0
1068120,CrunchTime,"Oct 10, 2019",9.99,Umiringo Studio,0,13,False,0
1153040,Primate Signal,"Dec 5, 2020",3.5,bankbank,0,12,True,0
1658770,Grandmaster Chess,"Sep 3, 2021",6.99,Capstone Software,0,1,False,0
1061420,Obscure Doubt,"Apr 26, 2019",3.99,Disbanded Crow,0,3,False,0
363180,Tenshu General,"Dec 1, 2015",5.99,SmartArt Game Studio,0,20,True,0
843620,Forest Below,"May 17, 2018",0.0,Team Arborium,0,9,False,0
1384350,Bricks Frenzy,"Aug 17, 2020",5.99,Kenisoft Game Studio,0,11,False,0
618570,Pixel Arcade,"Apr 2, 2018",9.99,Corrie Green,0,17,False,0
110600,Astro Tripper,"Sep 15, 2011",4.99,PomPom,0,33,False,0
1172470,Apex Legends™,"Nov 4, 2020",0.0,Respawn Entertainment,0,415524,False,0
1471460,Dualism,"Jan 14, 2021",9.99,Noah Judson,0,7,False,0
1284700,Panic Timing (惊恐计时),"Aug 9, 2020",0.99,S Games,0,0,False,0
841600,Aura of Worlds,"Apr 24, 2018",11.99,Cognitive Forge,0,77,True,0
1671180,Ricochet Ranger,"May 20, 2022",2.99,Joshua Ching,0,12,False,0
2061060,The Marson Home,"Jul 18, 2022",7.99,"Dylan W,Hatless Newt",0,1,False,0
1299120,Mosaique Neko Waifus 2,"Jun 5, 2020",1.99,Lil Hentai Games,0,1840,True,0
1303170,MelDEV Power Boat Racing,"May 23, 2020",13.99,Robin Melin,0,1,False,0
773530,Magic Nations - Card Game,"Sep 20, 2018",14.99,Prime Bit Games SA,0,89,False,0
1430100,Fade,"Oct 29, 2020",4.99,Azimuth Studios,0,0,False,0
1514160,Doctor Xenophon's Laboratory,"Mar 1, 2021",15.99,Archeostyle Studios,0,0,True,0
404730,Wasteland 2: Director's Cut,"Sep 18, 2014",29.99,inXile Entertainment,0,0,True,0
945490,Little Square Things,"Sep 28, 2019",0.0,G.Reed,0,51,False,0
1674730,RGByte,"Jul 23, 2021",2.99,RGByte Software,0,1,False,0
301260,Gardens Inc. 2: The Road to Fame,"May 22, 2014",9.99,"World-Loom,Nitreal",0,45,False,0
1866870,Honey Homer,"Apr 21, 2022",5.99,Nuts Pecker,0,0,False,0
510710,Bloxiq VR,"Aug 29, 2016",1.49,Blot Interactive,0,3,False,0
924310,VIDEO GAME,"Nov 12, 2018",0.0,Luke Sanderson,0,14,False,0
1273430,iota,"Sep 24, 2020",4.99,"Ronald DeStefano,Brian Kraus",0,13,False,0
556680,INTRUDER - WAR AREAS,"Dec 12, 2016",15.99,Play One Game Studio,0,2,False,0
910850,Darken VR,"Aug 13, 2018",0.99,Shaftesbury Darken Digital Inc.,0,0,False,0
1343450,Whiskers & Tail,"Aug 25, 2020",2.99,Dr. Cyril Splutterworth,0,2,False,0
1271620,Umihara Kawase BaZooKa!,"May 28, 2020",29.99,Studio Saizensen,0,12,False,0
1492290,Boulders: Puzzle,"Oct 2, 2021",0.99,Farewell Games,0,4,False,0
1433770,Chesnakisnak,"Oct 19, 2020",0.0,Schirwindt,0,4,False,0
1804390,Key,"Dec 1, 2021",0.99,Agostta Games,0,0,False,0
1091350,Valley Run,"Jul 3, 2019",0.99,Alliance4devs,0,1,False,0
1836500,Memory Puzzle - Hentai Angels,"Dec 8, 2021",0.59,DIG Publishing,0,0,False,0
813360,Space Duty,"Mar 21, 2018",4.99,cybercritics,0,1,False,0
846220,Catsapults,"Jun 12, 2018",1.99,Midnight Warden,0,3,False,0
223750,DCS World Steam Edition,"Aug 2, 2013",0.0,Eagle Dynamics SA,0,19580,False,0
1845880,SEARCH ALL - POTIONS,"Dec 27, 2021",1.99,Laush Dmitriy Sergeevich,0,20,False,0
291170,Royal Defense,"Nov 10, 2014",0.49,"Good Games,Creobit",0,239,False,0
1162730,Deep Ocean Rush,"Jan 3, 2020",1.99,TeamB,0,3,False,0
236490,Hexodius,"Jun 21, 2013",9.99,Brain Slap Studio,0,26,False,0
1418650,Shooting Type,"Sep 29, 2020",3.99,Matsuta App.,0,0,False,0
1011320,Whiskey & Zombies: The Great Southern Zombie Escape,"Nov 25, 2020",9.99,Nuttery Entertainment,0,8,False,0
1895130,Darza's Dominion,"Apr 21, 2022",0.0,Ripple Studio,0,0,False,0
1002510,The Spell - A Kinetic Novel,"Jan 15, 2019",4.99,Hangover Cat Purrroduction,0,24,True,0
346940,Shadowrun: Hong Kong - Extended Edition,"Aug 20, 2015",19.99,Harebrained Schemes,0,3578,True,0
1983410,Phantom Brigade Playtest,"Jun 30, 2022",0.0,Unknown,0,0,False,0
40420,Tidalis,"Jul 16, 2010",4.99,"Arcen Games, LLC",0,146,True,0
1526480,battle Tank,"Feb 4, 2021",12.99,xuechengyu,0,2,False,0
1914950,Xpraize Beta for GameMaster,"May 31, 2022",0.0,RedefineArts.Inc,0,0,False,0
288790,White Haven Mysteries,"Apr 17, 2014",4.99,Gogii Games,0,47,False,0
434970,That Dam Level redux,"Feb 25, 2016",8.99,noiarc,0,2,True,0
1073890,Dragon Fight VR,"Mar 5, 2020",0.0,"The Acceleration Agency,FarCade",0,9,False,0
1811750,VELONE,"Apr 21, 2022",8.49,ZAR 21,0,9,False,0
283620,World of Subways 3 – London Underground Circle Line,"May 12, 2014",14.99,TML-Studios,0,424,False,0
1152410,Karate Cat,"Oct 10, 2019",0.99,Take Toad,0,80,True,0
350970,Planet of the Eyes,"Aug 24, 2015",9.99,Cococucumber,0,421,False,0
1582850,Retro Machina: Nucleonics,"Apr 14, 2021",0.0,Orbit Studio,0,0,False,0
308560,City Quest,"Aug 20, 2015",1.99,Stone Monkey Studios,0,31,True,0
1807610,Skeleton Scramble Deluxe,"Mar 18, 2022",2.99,Chris Turd Boomerang Armstrong,0,17,False,0
1504570,Cultivation Tales,"Apr 14, 2022",19.99,Ac Games,0,4959,False,0
418650,Space Pirate Trainer,"Oct 12, 2017",14.99,I-Illusions,0,2574,False,0
1064920,VR Party Pack,"May 4, 2019",3.99,Jaz Marshall-Porter,0,1,False,0
1088040,MMA Executive,"Aug 26, 2019",11.99,Vectormatrix Limited,0,5,False,0
1418160,Happy Quest,"Nov 6, 2020",1.99,HappyGames,0,623,False,0
1128420,Solitaire Jack Frost Winter Adventures,"Sep 1, 2019",4.99,Somer Games,0,3,False,0
313740,Sakura Spirit,"Jul 9, 2014",9.99,Winged Cloud,0,5684,True,0
960820,Data mining 2,"Oct 25, 2018",1.03,Blender Games,0,14,False,0
1515820,Guns of Succubus,"Feb 27, 2021",6.99,RakuRai,0,41,False,0
237760,Intake,"Nov 6, 2013",9.99,Cipher Prime Studios,0,365,False,0
1022480,KAMIKO,"Jun 26, 2019",4.99,"SKIPMORE,ESQUADRA,inc.,Kan.Kikuchi",0,122,False,0
532080,Apocalypse Mechanism,"Jun 11, 2018",14.99,Mirage Interactive,0,7,False,0
415780,Bacon Rebellion,"Jan 8, 2021",3.99,Nauris Amatnieks,0,21,False,0
1166990,Kukoro: Stream chat games,"Nov 6, 2020",4.99,HeyNau,0,440,False,0
407420,Gabe Newell Simulator,"Dec 14, 2015",2.99,Antonio Renna,0,313,True,0
391280,Epic Manager - Create Your Own Adventuring Agency!,"Dec 12, 2016",17.99,ManaVoid Entertainment,0,156,False,0
1371730,A Little Bird,"Sep 17, 2020",9.99,Sum Co.,0,4,False,0
471770,"In Case of Emergency, Release Raptor","Aug 29, 2016",0.0,"Arcen Games, LLC",0,50,True,0
461830,Adventure Apes and the Mayan Mystery,"Jul 15, 2016",2.99,ScaryPotato,0,14,False,0
1376590,Sphere Game,"Aug 5, 2020",0.49,D.P.L.D.S,0,11,False,0
990840,Running Tadpoles,"Dec 21, 2018",0.99,Mr. Neighbor,0,0,False,0
1788730,No Crooks On Christmas,"Dec 3, 2021",0.0,Taryn McMillan,0,0,False,0
1412580,Sword of Destiny,"Nov 20, 2020",0.99,Talha Emre Gülap,0,123,False,0
889280,Marginalia,"Oct 1, 2019",5.99,"Connor Sherlock,Cameron Kunzelman",0,36,False,0
1277310,Saving You From Yourself,"May 14, 2020",0.0,Taylor McCue,0,28,False,0
1600600,ZAR,"Apr 26, 2021",9.99,PancakeGames,0,13,False,0
1302460,Turbo Shot,"Jan 13, 2022",0.0,Wizard Games Inc,0,0,False,0
869840,Feather Of Praying 羽翼的祈愿,"Jun 6, 2018",1.99,秋之忧郁,0,195,False,0
438490,GOD EATER 2 Rage Burst,"Aug 29, 2016",49.99,"BANDAI NAMCO Studio,SHIFT,QLOC",0,3145,False,0
1187250,Consumed Awakening,"Jun 21, 2020",10.99,Birchislet Gaming,0,3,True,0
1541450,Must Reach,"Feb 21, 2021",3.99,Reforged Group,0,2,False,0
656070,Better Off Tread,"Sep 12, 2017",0.0,"Pixel Constructor, LLC.",0,54,False,0
1495080,Asian Riddles 4,"Feb 2, 2021",4.99,Creobit,0,8,False,0
406930,Epic Showdown,"Oct 27, 2015",4.99,Naloki,0,16,False,0
855010,270 | Two Seventy US Election,"May 31, 2018",0.0,Political Games LLC,0,541,False,0
312540,Ys VI: The Ark of Napishtim,"Apr 28, 2015",19.99,Nihon Falcom,0,843,False,0
1028340,Spare Teeth VR,"Dec 12, 2019",3.99,L2D,0,8,False,0
368570,Beat Da Beat,"Mar 10, 2016",1.99,2 players,0,417,False,0
270880,American Truck Simulator,"Feb 2, 2016",19.99,SCS Software,0,104521,True,0
1671200,Honkai Impact 3rd,"Oct 21, 2021",0.0,miHoYo Limited,0,0,False,0
959410,The Endless Empty,"Nov 3, 2018",3.99,Erik Sheader-Smith,0,92,False,0
1273250,Breakpoint,"Sep 24, 2020",4.99,Studio Aesthesia,0,145,True,0
913440,Mahjongg The Ultimate Collection 2,"Aug 13, 2018",6.99,Gunnar Games,0,8,False,0
959050,Bound Up & Squirming!,"Apr 25, 2019",4.99,Stegersaurus Software Inc.,0,30,False,0
991230,Highway of death,"Dec 18, 2018",1.99,Laush Dmitriy Sergeevich,0,22,False,0
1580640,银魂：Silver Soul,"Apr 8, 2021",0.99,秋太虚工作室,0,9,False,0
1808860,Pizza Man,"Dec 5, 2021",0.49,Artur Rezende,0,7,False,0
1338130,Popo's Tower,"Jun 10, 2020",2.99,Sokpop Collective,0,16,False,0
589220,UAYEB: The Dry Land - Episode 1,"Jan 31, 2018",12.99,ICA GAMES,0,52,False,0
993750,Girls & sweets,"Dec 24, 2018",1.99,Multiblender Games,0,1,True,0
903790,Card Battle Spirit Link,"May 2, 2020",9.99,Speedrobo Games,0,3,False,0
1508980,Cheese Runner,"Jul 14, 2022",2.99,Kai Hutchence,0,7,False,0
1208040,Axiel,"Dec 27, 2019",1.99,RawEgg,0,0,False,0
408920,Krai Mira: Extended Cut,"Jul 11, 2016",9.99,TallTech studio,0,143,False,0
1217510,Terminal Singularity,"Jul 17, 2020",0.0,Moustache Cabal,0,4,True,0
1417190,Gravity Mummy,"Sep 22, 2020",2.99,Luci Entertainment,0,21,False,0
1386330,Funanigans: Party Games,"Sep 27, 2020",9.99,Eric Peterson,0,1,True,0
1776860,Tank Sudoku,"Apr 29, 2022",4.99,Meekrab Games,0,1,False,0
1227000,Black Butterfly,"Feb 7, 2020",1.99,Rafael Braza,0,19,False,0
1285820,Virus Kombat,"May 12, 2020",0.99,Artur Rezende,0,3,False,0
394960,The Facility,"Sep 3, 2015",0.0,PolyDigital,0,3,False,0
747110,Kamboja,"Mar 15, 2018",2.99,"Rotciv Ocnarb,João Humming Luiz",0,3,False,0
733990,I Can't Believe It's Not Gambling,"Dec 11, 2017",0.99,Mutant Entertainment Studios,0,1359,True,0
1998840,Arcadia,"May 30, 2022",1.99,Imagine,0,0,False,0
704760,Grimrush,"Nov 30, 2017",0.99,Merge Heroes,0,10,False,0
528460,Rogalia,"Oct 15, 2018",0.0,"TatriX,Nanalli",0,336,True,0
1457490,Chuckle Phrase Builder,"Sep 6, 2021",0.0,The LOL team,0,0,False,0
12670,Mission Runway,"Jul 17, 2009",9.99,Virtual Playground,0,13,False,0
765860,Leisure Suit Larry 5 - Passionate Patti Does a Little Undercover Work,"Dec 18, 2017",4.99,"Assemble Entertainment,Sierra Entertainment",0,19,False,0
1514580,The Great Chicken Thief,"Apr 16, 2021",1.99,One Guy Productions,0,1,False,0
1431040,Golazo! Soccer League,"Nov 2, 2020",8.99,Purple Tree S R L,0,132,False,0
1579590,SDST: Deluxe,"Apr 5, 2021",0.99,Banana Cat,0,8,False,0
1553850,Tartaron,"Mar 4, 2021",0.99,TartaronDev,0,2,True,0
1875560,Mare,"Mar 31, 2022",11.99,Visiontrick Media,0,15,False,0
1143810,Black Skylands,"Jul 9, 2021",19.99,Hungry Couch Games,0,979,False,0
1321220,Real Farm – Gold Edition,"Jun 24, 2021",19.99,SOEDESCO,0,3,False,0
1500750,牛头人迷宫/Tauren maze,"Feb 1, 2021",0.99,MT Games,0,23,False,0
1845890,Sanctuary Saga: Prelude Playtest,"Dec 10, 2021",0.0,Unknown,0,0,False,0
1819900,Shootvaders: The Beginning,"Dec 11, 2021",4.99,Went2Play LLC,0,2,False,0
1433070,Into the Pyramid,"Jan 1, 2021",0.0,Aisukaze Studio,0,3,False,0
45750,Lost Planet® 2,"Oct 15, 2010",0.0,"CAPCOM CO., LTD.",0,1640,False,0
850710,Skip's Sanity,"May 24, 2018",0.0,David Donarumo,0,11,False,0
821860,Secret Laboratory,"Mar 27, 2018",0.99,Falco Software,0,3,False,0
1836970,堕天者 ~Back to Origin~,"Mar 22, 2022",0.0,crobatspr,0,0,False,0
577850,Tiny Wheels,"Jan 6, 2017",1.99,Wonder Assembly,0,22,False,0
1715970,ZEE.END,"Sep 14, 2021",13.99,T.LEE,0,14,False,0
1008000,Aetheria Online,"Feb 1, 2019",0.0,Zachary Hodges,0,59,False,0
1006920,Pull Ball,"Jan 18, 2019",0.59,Nichengun,0,11,False,0
1011310,PARSE ALLY,"Feb 4, 2019",2.99,wHDinc.,0,1,False,0
536950,Legend of Ares,"May 31, 2017",0.0,Bono Games,0,30,False,0
1669350,Fingun,"Mar 18, 2022",3.24,Pixelteriyaki,0,0,False,0
1436810,The Door in the Basement,"Apr 21, 2021",10.99,Aegon Games,0,78,False,0
2050890,ZombWave,"Jul 8, 2022",1.99,Matúš Kačeriak,0,0,False,0
1280780,War on the Sea,"Feb 2, 2021",39.99,Killerfish Games,0,1421,False,0
994200,天际起源 The Ark of Horizon,"Mar 13, 2019",0.0,MiaoXi Studio,0,352,False,0
1148680,Austerlitz,"Oct 3, 2019",4.99,"Turcan Research Systems,PSS",0,2,True,0
1347390,Beaver Fun™ River Run - Steam Edition,"Jun 26, 2020",2.99,Soul of SysOp LLC,0,1,False,0
460630,Trouble Witches Origin - Episode1 Daughters of Amalgam -,"Nov 21, 2016",9.99,Studio SiestA,0,160,False,0
562050,Liquid Pinball,"Nov 24, 2016",0.99,RunServer,0,68,True,0
613880,Zoo Tycoon: Ultimate Animal Collection,"Sep 14, 2018",19.99,"Frontier Developments,Asobo Studio",0,909,False,0
2003160,Ghosts Of Tabor Playtest,"May 19, 2022",0.0,Unknown,0,0,False,0
371710,Age of Castles: Warlords,"May 15, 2015",2.99,Anarchy Enterprises,0,19,False,0
1959400,Arobynn: The First Adventure,"May 2, 2022",4.99,Jace Of Shadows Gaming LLC,0,0,False,0
1420080,Wonder Boy: Asha in Monster World,"Jun 28, 2021",34.99,"G CHOICE,Monkey Craft",0,82,False,0
38160,Farm Frenzy 3: American Pie,"Feb 15, 2010",9.99,Alawar,0,7,False,0
1283430,Fighting Fiends,"Nov 9, 2021",0.0,Lex de Kogel,0,39,False,0
703000,"Beer, Babes and Dragons","Sep 15, 2017",1.99,Kristof De Meyer,0,4,False,0
1071220,"After I met that catgirl, my questlist got too long!","Feb 18, 2021",12.99,Rascal Devworks,0,89,False,0
536430,The Revenge of Johnny Bonasera: Episode 1,"Oct 31, 2016",3.99,Rafael García,0,49,True,0
742990,Sanguo: War Under Heaven,"Dec 17, 2018",0.0,Telestic Studios,0,6,False,0
1000040,细胞战争,"Mar 30, 2019",1.99,DoubleC Games,0,0,False,0
380990,B.A.D Battle Armor Division,"Aug 18, 2015",5.99,Crian Soft,0,27,False,0
565080,Negligee: Spring Clean Prelude,"Aug 6, 2021",0.0,Dharker Studio,0,0,False,0
377010,Easy Spanish™ Platinum,"Jan 18, 2017",23.99,Individual Software,0,0,False,0
1630760,Infinity Valley,"Jul 9, 2021",1.99,LionSpoon Dream,0,6,False,0
612440,The Cable Center - Virtual Archive,"Apr 6, 2017",0.0,The Cable Center,0,9,False,0
327980,Dragon Fantasy: The Volumes of Westeria,"Apr 9, 2015",9.99,Muteki,0,36,True,0
1692190,p4gp4_bt Playtest,"Apr 11, 2022",0.0,Unknown,0,0,False,0
266330,Ethan: Meteor Hunter,"Feb 7, 2014",9.99,Seaven Studio,0,140,False,0
1436990,Feign,"Oct 23, 2021",4.99,tenekekafalarstudios,0,1697,False,0
654710,Ashes,"Jun 28, 2017",0.99,FurGoldGames,0,36,False,0
873250,Crimson Light,"Jun 18, 2018",0.0,Nandee,0,10,False,0
1863380,NoiseBox.噪音盒子 Playtest,"Jan 20, 2022",0.0,Unknown,0,0,False,0
868570,Prototype Mansion - Used No Cover,"Jul 19, 2018",4.99,Jupiter Lighthouse Games,0,24,True,0
1571600,Dark Romance: Sleepy Hollow Collector's Edition,"Mar 19, 2021",9.99,Domini Games,0,14,False,0
1605190,Connect The Dots,"Aug 12, 2021",1.99,Pankabre,0,7,False,0
635900,Tunnels of Despair,"Mar 16, 2018",5.99,BearFighterDev,0,44,False,0
1789660,The story of archer,"Nov 9, 2021",10.99,Enoops,0,16,False,0
1236700,Goddess of Hentai,"Feb 25, 2020",0.99,Reaper Games,0,0,False,0
590600,LifeBase,"Mar 23, 2017",12.99,Patryk Szuberla,0,1,False,0
870010,Mazes and Mages,"Jun 15, 2018",0.0,Juan Jose Garrido Gomez,0,0,False,0
1192610,ANIME REDEMPTION,"Feb 10, 2020",1.99,Konnichiwa Games,0,110,False,0
457690,Hotel Blind,"Apr 5, 2016",1.99,Serellan LLC,0,9,False,0
371120,Discouraged Workers,"Sep 16, 2015",14.99,YGGDRASIL STUDIO,59,61,True,98
1018950,What The Fork,"Oct 15, 2020",17.99,Bit2Good Ug,0,1,False,0
1786280,Puzzle Art: Primates,"Oct 26, 2021",0.49,My Label Game Studio,0,1,False,0
910460,Rocket of Whispers: Prologue,"Sep 12, 2018",0.0,SIGONO INC.,0,144,False,0
760520,Dough,"Mar 20, 2018",11.99,Ermao Animation,0,3,False,0
1251270,Istoria,"Apr 7, 2020",8.49,ProjectAscha,0,0,False,0
226780,MUD Motocross World Championship,"Feb 26, 2013",9.99,Milestone S.r.l.,0,67,False,0
251990,Long Live The Queen,"Nov 8, 2013",9.99,Hanako Games,0,6383,True,0
1137770,Avalive,"Nov 1, 2019",3.99,"Avamoe,HuiHut",0,9,False,0
543240,√Letter - Root Letter -,"Jul 7, 2017",1.99,"DRAGAMI GAMES, LTD.",0,379,False,0
1822490,一花一世界 | The Lotus,"Feb 24, 2022",0.99,zh大番薯,0,4,False,0
764180,Cross of Auria,"Dec 31, 2017",0.0,Hardytier,0,12,False,0
1534520,STRAY KITTEN,"Feb 19, 2021",0.99,LTZinc,0,52,False,0
854190,Russian Gangsta In HELL,"May 9, 2018",0.49,Nikita Ghost_RUS,0,22,False,0
1375850,AHH!!! MazeZing,"Aug 10, 2020",0.99,Keffny Charles,0,0,False,0
984610,Mech Merc Company,"May 1, 2020",11.99,Michael Shoots,0,72,False,0
1342790,GangV | VR & PC Battle Royale,"Apr 16, 2021",10.49,raptor lab,0,321,False,0
1950050,Project Utgardr Playtest,"Apr 25, 2022",0.0,Unknown,0,0,False,0
1285940,Briefcase Inc.,"May 1, 2020",0.99,Çağatay Demir,0,17,False,0
1732210,Tile Runner,"Sep 28, 2021",0.0,"Ishaan Kale,Mihir Kale",0,0,False,0
1778110,Alone In The Mars,"Nov 9, 2021",1.99,ImperiumGame,0,4,False,0
1123730,ROD,"Sep 5, 2019",2.99,Ivory Tower,0,0,False,0
837780,Coin-Op Kingdom,"Aug 9, 2018",7.99,Canalside Studios,0,7,False,0
11370,Nikopol: Secrets of the Immortals,"Jul 30, 2009",4.99,White Birds,0,190,False,0
1524690,Chess Brain: Dark Troops,"Feb 4, 2021",0.99,Caio Flavio,0,37,False,0
1271280,Rift Wizard,"Sep 1, 2021",14.99,Dylan White,0,674,False,0
898260,Juliantli,"Aug 30, 2018",0.99,stardust.ch,0,20,False,0
426930,Moonshot,"Dec 21, 2015",4.99,Pump Action Games,0,84,False,0
499540,Wake Up,"Aug 9, 2016",0.0,Black Cell OG,0,72,False,0
598620,Mystery Riddles,"Mar 15, 2017",8.99,AnaWiki Games,0,4,False,0
1102140,Glizzy Gobbler,"May 24, 2022",7.99,TGMB Studio,0,1,False,0
1143900,Shapeshooter,"Oct 22, 2020",0.49,NukGames,0,10,False,0
606230,Thea 2: The Shattering,"May 13, 2019",24.99,"MuHa Games,Eerie Forest Studio",0,1466,False,0
1601260,Project Scav,"Sep 30, 2021",14.99,"Cannabis,Meta",0,0,False,0
894090,Maze Gold Run,"Sep 24, 2019",5.99,Savestar Games,0,3,False,0
1207390,Ghosts'n DJs,"Feb 6, 2020",0.0,Dr. Kucho! Games,0,111,False,0
1797590,Last Space Guardian,"Feb 12, 2022",0.99,Douglas Henrique Luciano,0,4,False,0
508790,Flat Heroes,"Sep 8, 2016",9.99,Parallel Circles,0,410,True,0
1084920,Fatal Evidence: Cursed Island Collector's Edition,"May 24, 2019",9.99,Domini Games,0,8,False,0
1146350,Urban riots,"Sep 9, 2019",0.99,kiki,0,2,False,0
654260,旧手表 - Old Watch,"Dec 20, 2017",9.99,灰烬天国,0,536,False,0
828740,Tales of the Neon Sea,"Apr 29, 2019",16.99,Palm Pioneer,0,2250,False,0
454680,MetaTron,"Dec 19, 2016",0.0,TubbyKiD UG (haftungsbeschränkt),0,49,False,0
449040,Jesus Christ RPG Trilogy,"Mar 18, 2016",0.0,Wholetone Games,0,1276,False,0
219830,King Arthur's Gold,"Nov 5, 2013",0.0,Transhuman Design,0,4137,True,0
1913550,Aces Under the Moonlight™,"Jun 3, 2022",0.0,Inferno of Creation LLC,0,0,False,0
1192500,GraFi Christmas,"Nov 22, 2019",1.03,Blender Games,0,9,False,0
1554600,Wife Quest,"Sep 30, 2021",5.99,Pippin Games,0,90,False,0
1155230,Extend Desktop,"Sep 21, 2019",1.99,chengcong,0,2,False,0
720030,Indecision.,"Feb 8, 2018",4.99,Bilge Kaan,0,469,False,0
1086140,Weaving,"Jun 4, 2019",0.99,Bitlock Studio,0,1,False,0
1535420,Stream Toys by Zokya,"Jun 30, 2022",0.0,Zokya Media,0,2,True,0
415920,Voidspire Tactics,"Nov 2, 2015",14.99,Rad Codex,0,206,False,0
1507600,Tail Trail,"Apr 29, 2021",7.99,Mohammad Arkobi,0,9,False,0
240340,Space Ace,"Aug 27, 2013",9.99,Digital Leisure Inc.,0,108,True,0
1544810,HANDMADE CARPROGRAM,"Mar 15, 2021",4.99,"ストロングツリー(HusHucHuライス),Strong Tree (HusHucHu Rice)",0,0,False,0
793030,Asteroid Defender!,"Mar 13, 2018",1.99,Gray Wolf Interactive LLC,0,3,False,0
1514730,The Dream of Shadowlands Episode 2,"Jun 22, 2022",3.99,Catalina Zavaleta,0,2,False,0
1487100,Lost to Time,"Feb 11, 2021",9.99,Ephemeral Glades Software,0,6,False,0
726000,No King No Kingdom,"Feb 16, 2020",14.99,Fullmetal Developer,0,90,False,0
2010540,SEARCH ALL - BITCOIN,"Jun 12, 2022",1.99,Laush Dmitriy Sergeevich,0,2,False,0
1871390,VSS - Virtual Streaming Software,"Jan 26, 2022",0.0,Betroix,0,0,False,0
651670,Star Renegades,"Sep 8, 2020",24.99,"Massive Damage, Inc.",0,1783,False,0
987710,BLASK,"Jan 14, 2019",2.99,SmallBigSquare,0,15,False,0
951050,Another Hardcore Game,"Oct 31, 2018",1.99,Ninba,0,19,False,0
1550630,Radon Blast,"Feb 27, 2021",1.19,EntwicklerX,0,6,False,0
1711530,Justice Chronicles,"Dec 2, 2021",14.99,"Hit-Point Co.,Ltd.",0,3,False,0
1011420,Bus Mechanic Simulator,"May 14, 2020",24.99,"VIS-Games,Darius Bode",0,82,False,0
1411460,Z Arena,"Jun 10, 2021",14.99,Basem Alasmar,0,6,False,0
680250,The Mirage : Illusion of wish,"Nov 15, 2017",7.99,APPLEMINT,0,1,False,0
1915740,Siren's Call,"Apr 15, 2022",0.0,ThePenSword,0,0,True,0
1421410,Nectar of the Gods,"Jan 27, 2021",0.0,Ben Thomas,0,18,False,0
1275660,Sanity of Morris,"Mar 23, 2021",14.99,Alterego Games,0,38,True,0
781520,Ayahuasca: Polyventure,"Jan 28, 2018",3.99,Eternity Studios,0,16,True,0
1559930,Dialogue Box: The Road Less Traveled,"Apr 28, 2022",0.0,TomerSSH Games,0,0,False,0
1479540,Dragon Mission,"Jan 21, 2021",4.99,Ideal Games,0,14,False,0
1854510,Billiards of the Round Table (BRT),"Mar 10, 2022",4.99,Moustache Cabal,0,2,True,0
